Sr No,Status,Shipper,Inv. No.,Shipping Line,ICD,Booking No,Conatiner No,POL,POD,Vessel,ETD,ICD Out Date,Factory In Date,Factory Out Date,ICD In Date,Handover Date,Rail Out Date,Pol Arrival Date,SOB Date,ETA Destination,Transit Time
1,CONTAINER GATE IN BUFFER YARD,M.A.,MAE/192/22-23,HAPAG,DADRI-CONCOR,,GESU9386692,MUNDRA,DAKAR,OSAKA EXPRESS,06/12/2022,23/11/2022,24/11/2022,28/11/2022,,,,,,,
2,CONTAINER GATE IN BUFFER YARD,HMA,HMA/1047/2022-23,STAR,TRANSWORLD-DADRI,,GMOU9013520,NHAVA SHEVA-GTIL,HONG KONG,X PRESS ODYSSEY-950E,04/12/2022,24/11/2022,25/11/2022,29/11/2022,,,,,,,
3,CONTAINER GATE IN BUFFER YARD,HMA,,STAR,TRANSWORLD-DADRI,,ZCLU9942810,NHAVA SHEVA-GTIL,PORT KLANG WEST,OOCL NEW YORK-131W,07/12/2022,27/11/2022,28/11/2022,28/11/2022,,,,,,,
4,FACTORY IN FOR STUFFING,AL TABARAK,ALT/072/2022-23,CMA,TRANSWORLD-DADRI,,CGMU5327806,NHAVA SHEVA-BMCT,CONAKRY,LOTUS A,08/12/2022,27/11/2022,28/11/2022,,,,,,,,
5,FACTORY IN FOR STUFFING,AL-AALI,AAEPL/266/22-23,CMA,TRANSWORLD-DADRI,,CGMU5257041,MUNDRA,ALEXANDRIA,EXPRESS ATHENS-0MXDHW1MA,08/12/2022,25/11/2022,26/11/2022,,,,,,,,
6,FACTORY IN FOR STUFFING,AL-AALI,AAEPL/266/22-23,CMA,TRANSWORLD-DADRI,,TRIU8727724,MUNDRA,ALEXANDRIA,EXPRESS ATHENS-0MXDHW1MA,08/12/2022,25/11/2022,26/11/2022,,,,,,,,
7,FACTORY IN FOR STUFFING,AL-AALI,,CMA,TRANSWORLD-DADRI,,CXRU1359536,MUNDRA,ALEXANDRIA,EXPRESS ATHENS-0IND1W1MA,08/12/2022,28/11/2022,29/11/2022,,,,,,,,
8,FACTORY IN FOR STUFFING,AL-AALI,,CMA,TRANSWORLD-DADRI,,CXRU1264554,MUNDRA,ALEXANDRIA,EXPRESS ATHENS-0IND1W1MA,08/12/2022,28/11/2022,29/11/2022,,,,,,,,
9,FACTORY IN FOR STUFFING,AL-AALI,,CMA,TRANSWORLD-DADRI,,BMOU9744448,NHAVA SHEVA-GTIL,PHUOC LONG,AKA BHUM-0FB7AE1MA,01/12/2022,23/11/2022,24/11/2022,,,,,,,,
10,FACTORY IN FOR STUFFING,AL-AALI,,CMA,TRANSWORLD-DADRI,,APRU5722018,NHAVA SHEVA-NSIGT,ALEXANDRIA,EXPRESS ATHENS-0IND1W1MA,05/12/2022,26/11/2022,27/11/2022,,,,,,,,
11,FACTORY IN FOR STUFFING,AL-AALI,,CMA,TRANSWORLD-DADRI,,CGMU9297802,NHAVA SHEVA-NSIGT,ALEXANDRIA,EXPRESS ATHENS-0IND1W1MA,05/12/2022,26/11/2022,27/11/2022,,,,,,,,
12,FACTORY IN FOR STUFFING,ALM FOOD,AFPEX/22-23/F356,CMA,TRANSWORLD-DADRI,,CGMU5560680,NHAVA SHEVA-GTIL,PORT KLANG WEST,AKA BHUM-0FB7AE1MA,01/12/2022,22/11/2022,23/11/2022,,,,,,,,
13,FACTORY IN FOR STUFFING,ALM FOOD,AFPEX/22-23/F356,CMA,TRANSWORLD-DADRI,,CGMU5454570,NHAVA SHEVA-GTIL,PORT KLANG WEST,AKA BHUM-0FB7AE1MA,01/12/2022,22/11/2022,23/11/2022,,,,,,,,
14,FACTORY IN FOR STUFFING,ALM FOOD,,CMA,TRANSWORLD-DADRI,,CGMU5282907,MUNDRA,PORT KLANG NORTH,YANTIAN EXPRESS / 0MXDLW1MA,17/12/2022,28/11/2022,29/11/2022,,,,,,,,
15,FACTORY IN FOR STUFFING,ALM FOOD,,CMA,TRANSWORLD-DADRI,,CGMU5441486,MUNDRA,PORT KLANG WEST,YANTIAN EXPRESS / 0MXDLW1MA,17/12/2022,28/11/2022,29/11/2022,,,,,,,,
16,FACTORY IN FOR STUFFING,FAIR,,CMA,TRANSWORLD-DADRI,,CGMU5237683,MUNDRA,TRIPOLI,APL ANTWERP-0MXDJW1MA,10/12/2022,28/11/2022,29/11/2022,,,,,,,,
17,FACTORY IN FOR STUFFING,FAIR,,CMA,TRANSWORLD-DADRI,,SZLU9601258,MUNDRA,TRIPOLI,APL ANTWERP-0MXDJW1MA,10/12/2022,28/11/2022,29/11/2022,,,,,,,,
18,FACTORY IN FOR STUFFING,FAIR,,CMA,TRANSWORLD-DADRI,,TEMU9215685,MUNDRA,TRIPOLI,APL ANTWERP-0MXDJW1MA,10/12/2022,28/11/2022,29/11/2022,,,,,,,,
19,FACTORY IN FOR STUFFING,INDIA,,CMA,TRANSWORLD-DADRI,,CGMU6550692,MUNDRA,POTI,APL ANTWERP-0MXDJW1MA,10/12/2022,28/11/2022,29/11/2022,,,,,,,,
20,FACTORY IN FOR STUFFING,INDIA,,CMA,TRANSWORLD-DADRI,,SZLU9500099,MUNDRA,POTI,YANTIAN EXPRESS / 0MXDLW1MA,17/12/2022,28/11/2022,29/11/2022,,,,,,,,
21,FACTORY IN FOR STUFFING,INDIA,,CMA,TRANSWORLD-DADRI,,TEMU9264484,NHAVA SHEVA-GTIL,PHUOC LONG,AKA BHUM-0FB7AE1MA,01/12/2022,22/11/2022,23/11/2022,,,,,,,,
22,FACTORY IN FOR STUFFING,MARHABA,MFF/605/22-23,CMA,KANPUR-PANKI,,SZLU9817843,NHAVA SHEVA-NSIGT,ALEXANDRIA,ONE ALTAIR-0IND3W1MA,12/12/2022,27/11/2022,29/11/2022,,,,,,,,
23,FACTORY IN FOR STUFFING,MARHABA,MFF/605/22-23,CMA,KANPUR-PANKI,,TTNU8008860,NHAVA SHEVA-NSIGT,ALEXANDRIA,ONE ALTAIR-0IND3W1MA,12/12/2022,27/11/2022,29/11/2022,,,,,,,,
24,FACTORY IN FOR STUFFING,MARHABA,MFF/606/22-23,CMA,KANPUR-PANKI,,TCLU1126141,NHAVA SHEVA-NSIGT,ALEXANDRIA,ONE ALTAIR-0IND3W1MA,12/12/2022,27/11/2022,29/11/2022,,,,,,,,
25,FACTORY IN FOR STUFFING,MARHABA,MFF/606/22-23,CMA,KANPUR-PANKI,,TCLU1251502,NHAVA SHEVA-NSIGT,ALEXANDRIA,ONE ALTAIR-0IND3W1MA,12/12/2022,27/11/2022,29/11/2022,,,,,,,,
26,FACTORY IN FOR STUFFING,MARHABA,MFF/607/22-23,CMA,KANPUR-PANKI,,BMOU9007461,NHAVA SHEVA-NSIGT,ALEXANDRIA,ONE ALTAIR-0IND3W1MA,12/12/2022,27/11/2022,29/11/2022,,,,,,,,
27,FACTORY IN FOR STUFFING,MIRHA,MEPL/P0832/22-23,CMA,TRANSWORLD-DADRI,,CGMU5473647,MUNDRA,PORT KLANG WEST,PRAGUE EXPRESS / 0EHDEW1MA,13/12/2022,22/11/2022,23/11/2022,,,,,,,,
28,FACTORY IN FOR STUFFING,MIRHA,,GOODRICH,TRANSWORLD-DADRI,,TRIU8311547,MUNDRA,JEBEL ALI,TBN,05/12/2022,25/11/2022,26/11/2022,,,,,,,,
29,FACTORY IN FOR STUFFING,AL SAMEER,,HAPAG,TRANSWORLD-DADRI,,HLBU9275699,NHAVA SHEVA-GTIL,HOUSTON,APL ANTWERP,07/12/2022,25/11/2022,26/11/2022,,,,,,,,
30,FACTORY IN FOR STUFFING,FAIR,1111771301,HAPAG,TRANSWORLD-DADRI,,HLXU8803171,MUNDRA,UMM QASR NORTH,OSAKA,13/12/2022,28/11/2022,29/11/2022,,,,,,,,
31,FACTORY IN FOR STUFFING,FAIR,1111810644,HAPAG,TRANSWORLD-DADRI,,CSVU7509184,NHAVA SHEVA-GTIL,JEDDAH,OSAKA EXPRESS-2348W,10/12/2022,26/11/2022,27/11/2022,,,,,,,,
32,FACTORY IN FOR STUFFING,M.A.,,HAPAG,DADRI-CONCOR,,TRIU8179750,MUNDRA,UMM QASR NORTH,OSAKA,13/12/2022,27/11/2022,28/11/2022,,,,,,,,
33,FACTORY IN FOR STUFFING,MEEM AGRO,,HAPAG,TRANSWORLD-DADRI,,HLXU8751078,MUNDRA,JEBEL ALI,OSAKA-908W,13/12/2022,27/11/2022,28/11/2022,,,,,,,,
34,FACTORY IN FOR STUFFING,RAYBAN,,HAPAG,TRANSWORLD-DADRI,,TTNU8246149,NHAVA SHEVA-GTIL,JEDDAH,OSAKA EXPRESS,04/12/2022,23/11/2022,24/11/2022,,,,,,,,
35,FACTORY IN FOR STUFFING,RAYBAN,,HAPAG,TRANSWORLD-DADRI,,CXRU1248044,NHAVA SHEVA-GTIL,JEDDAH,OSAKA EXPRESS,04/12/2022,23/11/2022,24/11/2022,,,,,,,,
36,FACTORY IN FOR STUFFING,STANDARD FROZEN,,HAPAG,KANPUR-JRY,,GESU9576007,NHAVA SHEVA-NSIGT,ALEXANDRIA,ONE ALTAIR,12/12/2022,28/11/2022,29/11/2022,,,,,,,,
37,FACTORY IN FOR STUFFING,STANDARD FROZEN,,HAPAG,KANPUR-JRY,,HLBU9014782,NHAVA SHEVA-NSIGT,ALEXANDRIA,ONE ALTAIR,12/12/2022,28/11/2022,29/11/2022,,,,,,,,
38,FACTORY IN FOR STUFFING,AL AMMAR,,MAERSK,TRANSWORLD-DADRI,,TLLU1170585,NHAVA SHEVA-BMCT,AQABA,CSAV TRAIGUEN-247W,02/12/2022,23/11/2022,24/11/2022,,,,,,,,
39,FACTORY IN FOR STUFFING,AL AMMAR,,MAERSK,TRANSWORLD-DADRI,,MNBU3742429,NHAVA SHEVA-BMCT,AQABA,CAP SAN JUAN -248W,09/12/2022,28/11/2022,29/11/2022,,,,,,,,
40,FACTORY IN FOR STUFFING,AL AMMAR,,MAERSK,TRANSWORLD-DADRI,,MNBU3194053,NHAVA SHEVA-NSICT,UMM QASR NORTH,BFAD ATLANTIC -249W,08/12/2022,28/11/2022,29/11/2022,,,,,,,,
41,FACTORY IN FOR STUFFING,AL-AALI,AAEPL/B270/22-23,MAERSK,KANPUR-PANKI,,SUDU8039918,NHAVA SHEVA-NSICT,UMM QASR NORTH,MAERSK INCHEON-248W,01/12/2022,23/11/2022,25/11/2022,,,,,,,,
42,FACTORY IN FOR STUFFING,AL-MARZIA AGRO FOODS,,MAERSK,KANPUR-PANKI,,MSWU9082916,NHAVA SHEVA-NSICT,SHARJAH,BFAD ATLANTIC -249W,08/12/2022,26/11/2022,27/11/2022,,,,,,,,
43,FACTORY IN FOR STUFFING,AL-NASIR,,MAERSK,TRANSWORLD-DADRI,,SUDU8249344,NHAVA SHEVA-BMCT,ALEXANDRIA,CAP SAN JUAN -248W,09/12/2022,26/11/2022,27/11/2022,,,,,,,,
44,FACTORY IN FOR STUFFING,AL-NASIR,,MAERSK,TRANSWORLD-DADRI,,MNBU3810082,NHAVA SHEVA-BMCT,ALEXANDRIA,CAP SAN JUAN -248W,09/12/2022,26/11/2022,27/11/2022,,,,,,,,
45,FACTORY IN FOR STUFFING,AL-NASIR,,MAERSK,TRANSWORLD-DADRI,,SUDU8172387,NHAVA SHEVA-NSICT,UMM QASR NORTH,BFAD ATLANTIC -249W,08/12/2022,28/11/2022,29/11/2022,,,,,,,,
46,FACTORY IN FOR STUFFING,AL-NASIR,,MAERSK,TRANSWORLD-DADRI,,MNBU4155278,NHAVA SHEVA-NSICT,UMM QASR NORTH,BFAD ATLANTIC -249W,08/12/2022,28/11/2022,29/11/2022,,,,,,,,
47,FACTORY IN FOR STUFFING,AL-NASIR,,MAERSK,TRANSWORLD-DADRI,,MNBU4187402,NHAVA SHEVA-NSICT,UMM QASR NORTH,BFAD ATLANTIC -249W,08/12/2022,28/11/2022,29/11/2022,,,,,,,,
48,FACTORY IN FOR STUFFING,INDIA,IFF/EXP/23/0904,MAERSK,TRANSWORLD-DADRI,,SUDU6163030,NHAVA SHEVA-BMCT,AQABA,CSAV TRAIGUEN-247W,02/12/2022,23/11/2022,24/11/2022,,,,,,,,
49,FACTORY IN FOR STUFFING,INDIA,IFF/EXP/23/0918,MAERSK,TRANSWORLD-DADRI,,MNBU0261712,NHAVA SHEVA-NSICT,ALEXANDRIA,BFAD ATLANTIC -249W,08/12/2022,23/11/2022,24/11/2022,,,,,,,,
50,FACTORY IN FOR STUFFING,INDIA,IFF/EXP/23/0920,MAERSK,TRANSWORLD-DADRI,,SUDU6150060,MUNDRA,UMM QASR NORTH,MAERSK GENOA 249W,13/12/2022,23/11/2022,24/11/2022,,,,,,,,
51,FACTORY IN FOR STUFFING,INDIA,IFF/EXP/23/0922,MAERSK,TRANSWORLD-DADRI,,MSWU0111680,MUNDRA,UMM QASR NORTH,LEONIDIO 248W,05/12/2022,23/11/2022,24/11/2022,,,,,,,,
52,FACTORY IN FOR STUFFING,INDIA,,MAERSK,TRANSWORLD-DADRI,,MNBU3892202,MUNDRA,UMM QASR NORTH,LEONIDIO 248W,05/12/2022,28/11/2022,29/11/2022,,,,,,,,
53,FACTORY IN FOR STUFFING,INDIA,,MAERSK,TRANSWORLD-DADRI,,SUDU6224840,MUNDRA,UMM QASR NORTH,LEONIDIO 248W,05/12/2022,28/11/2022,29/11/2022,,,,,,,,
54,FACTORY IN FOR STUFFING,INDIA,,MAERSK,TRANSWORLD-DADRI,,SUDU6113174,NHAVA SHEVA-NSICT,SOHAR,MAERSK INCHEON-248W,01/12/2022,22/11/2022,23/11/2022,,,,,,,,
55,FACTORY IN FOR STUFFING,INDIA,,MAERSK,TRANSWORLD-DADRI,,MNBU3152510,NHAVA SHEVA-NSICT,SOHAR,BFAD ATLANTIC -249W,08/12/2022,23/11/2022,24/11/2022,,,,,,,,
56,FACTORY IN FOR STUFFING,INDIA,,MAERSK,TRANSWORLD-DADRI,,MNBU0607981,NHAVA SHEVA-NSICT,SOHAR,BFAD ATLANTIC -249W,08/12/2022,28/11/2022,29/11/2022,,,,,,,,
57,FACTORY IN FOR STUFFING,INDIA,,MAERSK,TRANSWORLD-DADRI,,MSWU1037802,NHAVA SHEVA-NSICT,UMM QASR NORTH,BFAD ATLANTIC -249W,08/12/2022,25/11/2022,26/11/2022,,,,,,,,
58,FACTORY IN FOR STUFFING,INDIA,,MAERSK,TRANSWORLD-DADRI,,SUDU6216188,NHAVA SHEVA-NSICT,UMM QASR NORTH,BFAD ATLANTIC -249W,08/12/2022,28/11/2022,29/11/2022,,,,,,,,
59,FACTORY IN FOR STUFFING,INDIA,,MAERSK,TRANSWORLD-DADRI,,SUDU8036061,NHAVA SHEVA-NSICT,UMM QASR NORTH,BFAD ATLANTIC -249W,08/12/2022,28/11/2022,29/11/2022,,,,,,,,
60,FACTORY IN FOR STUFFING,INTERNATIONAL,IAF/629/2022-23,MAERSK,TRANSWORLD-DADRI,,SUDU5155154,NHAVA SHEVA-NSICT,ALEXANDRIA,MAERSK INCHEON-248W,01/12/2022,21/11/2022,22/11/2022,,,,,,,,
61,FACTORY IN FOR STUFFING,INTERNATIONAL,IAF/633/2022-23,MAERSK,TRANSWORLD-DADRI,,MMAU1087226,MUNDRA,UMM QASR NORTH,CSAV TRAIGUEN-247W,29/11/2022,21/11/2022,22/11/2022,,,,,,,,
62,FACTORY IN FOR STUFFING,INTERNATIONAL,,MAERSK,TRANSWORLD-DADRI,,MNBU3203860,MUNDRA,ALEXANDRIA,LEONIDIO 248W,05/12/2022,21/11/2022,22/11/2022,,,,,,,,
63,FACTORY IN FOR STUFFING,MARHABA,MFF/604/22-23,MAERSK,TRANSWORLD-DADRI,,MNBU3861120,NHAVA SHEVA-BMCT,ALEXANDRIA,CSAV TRAIGUEN-247W,02/12/2022,23/11/2022,24/11/2022,,,,,,,,
64,FACTORY IN FOR STUFFING,MARHABA,MFF/604/22-23,MAERSK,TRANSWORLD-DADRI,,PONU4933416,NHAVA SHEVA-BMCT,ALEXANDRIA,CSAV TRAIGUEN-247W,02/12/2022,23/11/2022,24/11/2022,,,,,,,,
65,FACTORY IN FOR STUFFING,MARHABA,MFF/611/22-23,MAERSK,KANPUR-PANKI,,MNBU0608611,NHAVA SHEVA-BMCT,ALEXANDRIA,CAP SAN JUAN 248W,09/12/2022,25/11/2022,27/11/2022,,,,,,,,
66,FACTORY IN FOR STUFFING,MARHABA,MFF/611/22-23,MAERSK,KANPUR-PANKI,,MNBU3726860,NHAVA SHEVA-BMCT,ALEXANDRIA,CAP SAN JUAN 248W,09/12/2022,25/11/2022,27/11/2022,,,,,,,,
67,FACTORY IN FOR STUFFING,MARHABA,MFF/613/22-23,MAERSK,KANPUR-PANKI,,SUDU6251912,NHAVA SHEVA-NSICT,ALEXANDRIA,MAERSK INCHEON-248W,01/12/2022,23/11/2022,25/11/2022,,,,,,,,
68,FACTORY IN FOR STUFFING,MARHABA,,MAERSK,KANPUR-PANKI,,MNBU0046941,NHAVA SHEVA-NSICT,UMM QASR NORTH,MAERSK INCHEON-248W,01/12/2022,23/11/2022,25/11/2022,,,,,,,,
69,FACTORY IN FOR STUFFING,MARHABA,,MAERSK,KANPUR-PANKI,,MNBU3231630,NHAVA SHEVA-NSICT,UMM QASR NORTH,BFAD ATLANTIC -249W,08/12/2022,25/11/2022,27/11/2022,,,,,,,,
70,FACTORY IN FOR STUFFING,MEEM AGRO,,MAERSK,TRANSWORLD-DADRI,,MNBU3657498,NHAVA SHEVA-BMCT,JEDDAH,CAP SAN JUAN -248W,09/12/2022,27/11/2022,28/11/2022,,,,,,,,
71,FACTORY IN FOR STUFFING,MIRHA,MEPL/P0849/22-23,MAERSK,TRANSWORLD-DADRI,,SUDU8070390,NHAVA SHEVA-BMCT,ALEXANDRIA,CAP SAN JUAN -248W,09/12/2022,28/11/2022,29/11/2022,,,,,,,,
72,FACTORY IN FOR STUFFING,MIRHA,MEPL/P0849/22-23,MAERSK,TRANSWORLD-DADRI,,MNBU0568289,NHAVA SHEVA-BMCT,ALEXANDRIA,CAP SAN JUAN -248W,09/12/2022,28/11/2022,29/11/2022,,,,,,,,
73,FACTORY IN FOR STUFFING,MIRHA,,MAERSK,TRANSWORLD-DADRI,,MNBU3331259,NHAVA SHEVA-BMCT,ALEXANDRIA,CAP SAN JUAN -248W,09/12/2022,27/11/2022,28/11/2022,,,,,,,,
74,FACTORY IN FOR STUFFING,MIRHA,,MAERSK,TRANSWORLD-DADRI,,MNBU4121832,NHAVA SHEVA-BMCT,ALEXANDRIA,CAP SAN JUAN -248W,09/12/2022,27/11/2022,28/11/2022,,,,,,,,
75,FACTORY IN FOR STUFFING,MIRHA,,MAERSK,TRANSWORLD-DADRI,,SUDU6157228,NHAVA SHEVA-BMCT,ALEXANDRIA,CAP SAN JUAN -248W,09/12/2022,27/11/2022,28/11/2022,,,,,,,,
76,FACTORY IN FOR STUFFING,MIRHA,,MAERSK,KANPUR-PANKI,,SUDU5286220,NHAVA SHEVA-BMCT,ALEXANDRIA,CAP SAN JUAN 248W,09/12/2022,28/11/2022,29/11/2022,,,,,,,,
77,FACTORY IN FOR STUFFING,MIRHA,,MAERSK,TRANSWORLD-DADRI,,MWCU6794011,NHAVA SHEVA-BMCT,ALEXANDRIA,CAP SAN JUAN -248W,09/12/2022,28/11/2022,29/11/2022,,,,,,,,
78,FACTORY IN FOR STUFFING,MIRHA,,MAERSK,TRANSWORLD-DADRI,,MNBU3466038,NHAVA SHEVA-BMCT,ALEXANDRIA,CAP SAN JUAN -248W,09/12/2022,28/11/2022,29/11/2022,,,,,,,,
79,FACTORY IN FOR STUFFING,MIRHA,,MAERSK,KANPUR-PANKI,,MNBU4074324,NHAVA SHEVA-BMCT,SHUWAIKH,CAP SAN JUAN 248W,09/12/2022,28/11/2022,29/11/2022,,,,,,,,
80,FACTORY IN FOR STUFFING,RUSTAM,RF/614-22,MAERSK,TRANSWORLD-DADRI,,MNBU4096853,NHAVA SHEVA-NSICT,UMM QASR NORTH,BFAD ATLANTIC -249W,08/12/2022,28/11/2022,29/11/2022,,,,,,,,
81,FACTORY IN FOR STUFFING,TOURO,,MAERSK,TRANSWORLD-DADRI,,MWCU6765271,MUNDRA,AQABA,LEONIDIO 248W,05/12/2022,28/11/2022,29/11/2022,,,,,,,,
82,FACTORY IN FOR STUFFING,TOURO,,MAERSK,TRANSWORLD-DADRI,,MNBU3060497,NHAVA SHEVA-BMCT,AQABA,CAP SAN JUAN -248W,09/12/2022,25/11/2022,26/11/2022,,,,,,,,
83,FACTORY IN FOR STUFFING,ALM,,MSC,TRANSWORLD-DADRI,,CRLU1172751,MUNDRA,JEDDAH,TBN,05/12/2022,24/11/2022,25/11/2022,,,,,,,,
84,FACTORY IN FOR STUFFING,INDIA,IFF/EXP/23/0923,MSC,TRANSWORLD-DADRI,,CXRU1441876,MUNDRA,POTI,TBN,08/12/2022,25/11/2022,26/11/2022,,,,,,,,
85,FACTORY IN FOR STUFFING,INDIA,,MSC,TRANSWORLD-DADRI,,SEGU9179215,MUNDRA,ABIDJAN,XXX,17/12/2022,28/11/2022,29/11/2022,,,,,,,,
86,FACTORY IN FOR STUFFING,INDIA,,MSC,TRANSWORLD-DADRI,,TEMU9360214,MUNDRA,POTI,TBN,29/11/2022,22/11/2022,23/11/2022,,,,,,,,
87,FACTORY IN FOR STUFFING,INDIA,,MSC,TRANSWORLD-DADRI,,TTNU8356742,MUNDRA,POTI,TBN,08/12/2022,25/11/2022,26/11/2022,,,,,,,,
88,FACTORY IN FOR STUFFING,INDIA,,MSC,TRANSWORLD-DADRI,,CXRU1439591,MUNDRA,POTI,TBN,08/12/2022,25/11/2022,26/11/2022,,,,,,,,
89,FACTORY IN FOR STUFFING,INDIA,,MSC,TRANSWORLD-DADRI,,CXRU1443626,MUNDRA,POTI,TBN,08/12/2022,25/11/2022,26/11/2022,,,,,,,,
90,FACTORY IN FOR STUFFING,RAYBAN,,MSC,TRANSWORLD-DADRI,,SEGU9168611,MUNDRA,DAKAR,TBN,08/12/2022,25/11/2022,26/11/2022,,,,,,,,
91,FACTORY IN FOR STUFFING,AL AMMAR,AMR/22-23/0583,STAR,TRANSWORLD-DADRI,,ZCLU9911281,MUNDRA,PORT KLANG WEST,X PRESS ODYSSEY-940E,05/12/2022,25/11/2022,26/11/2022,,,,,,,,
92,FACTORY IN FOR STUFFING,AL AMMAR,AMR/22-23/0590,STAR,TRANSWORLD-DADRI,,GMOU9013577,NHAVA SHEVA-GTIL,PORT KLANG WEST,OOCL NEW YORK-131W,07/12/2022,27/11/2022,28/11/2022,,,,,,,,
93,FACTORY IN FOR STUFFING,AL AMMAR,,STAR,TRANSWORLD-DADRI,,GMOU9003075,MUNDRA,PORT KLANG NORTH,X PRESS ODYSSEY-940E,05/12/2022,25/11/2022,26/11/2022,,,,,,,,
94,FACTORY IN FOR STUFFING,AL AMMAR,,STAR,TRANSWORLD-DADRI,,ZCLU9920350,MUNDRA,PORT KLANG WEST,EVER UBERTY V 58/E,26/11/2022,25/11/2022,26/11/2022,,,,,,,,
95,FACTORY IN FOR STUFFING,AL AMMAR,,STAR,TRANSWORLD-DADRI,,GMOU9015760,NHAVA SHEVA-GTIL,PORT KLANG WEST,OOCL NEW YORK-131W,07/12/2022,27/11/2022,28/11/2022,,,,,,,,
96,FACTORY IN FOR STUFFING,AL AMMAR,,STAR,TRANSWORLD-DADRI,,ZCLU9942868,NHAVA SHEVA-GTIL,PORT KLANG WEST,OOCL NEW YORK-131W,07/12/2022,27/11/2022,28/11/2022,,,,,,,,
97,FACTORY IN FOR STUFFING,AL AMMAR,,STAR,TRANSWORLD-DADRI,,ZCLU9929932,NHAVA SHEVA-GTIL,PORT KLANG WEST,OOCL NEW YORK-131W,07/12/2022,27/11/2022,28/11/2022,,,,,,,,
98,FACTORY IN FOR STUFFING,AL AMMAR,,STAR,TRANSWORLD-DADRI,,CAIU5456438,NHAVA SHEVA-GTIL,PORT KLANG WEST,ZOI-20E,13/12/2022,28/11/2022,29/11/2022,,,,,,,,
99,FACTORY IN FOR STUFFING,ALM,ALM/22-23/513,STAR,TRANSWORLD-DADRI,,ZCLU9936171,NHAVA SHEVA-GTIL,PORT KLANG WEST,ZOI-20E,13/12/2022,28/11/2022,29/11/2022,,,,,,,,
100,FACTORY IN FOR STUFFING,ALM,ALM/22-23/514,STAR,TRANSWORLD-DADRI,,GMOU9008924,NHAVA SHEVA-GTIL,PORT KLANG WEST,OOCL NEW YORK-131W,07/12/2022,26/11/2022,27/11/2022,,,,,,,,
101,FACTORY IN FOR STUFFING,ALM,ALM/22-23/515,STAR,TRANSWORLD-DADRI,,ZCLU9926487,NHAVA SHEVA-GTIL,PORT KLANG WEST,OOCL NEW YORK-131W,07/12/2022,26/11/2022,27/11/2022,,,,,,,,
102,FACTORY IN FOR STUFFING,ARAFAATH,AEPL/031/2022-23,STAR,TRANSWORLD-DADRI,,ZCLU9924118,NHAVA SHEVA-GTIL,CAT LAI,OOCL NEW YORK-131W,07/12/2022,27/11/2022,28/11/2022,,,,,,,,
103,FACTORY IN FOR STUFFING,FAIR,1111673678,STAR,TRANSWORLD-DADRI,,SZLU9062161,NHAVA SHEVA-GTIL,PORT KLANG WEST,ZOI-20E,13/12/2022,28/11/2022,29/11/2022,,,,,,,,
104,FACTORY IN FOR STUFFING,FAIR,1111673679,STAR,TRANSWORLD-DADRI,,SZLU9064288,NHAVA SHEVA-GTIL,PORT KLANG WEST,ZOI-20E,13/12/2022,28/11/2022,29/11/2022,,,,,,,,
105,FACTORY IN FOR STUFFING,FAIR,,STAR,TRANSWORLD-DADRI,,ZCLU9939946,NHAVA SHEVA-GTIL,PASIR GUDANG,ZOI-20E,13/12/2022,28/11/2022,29/11/2022,,,,,,,,
106,FACTORY IN FOR STUFFING,FAIR,,STAR,TRANSWORLD-DADRI,,SZLU9063091,NHAVA SHEVA-GTIL,SINGAPORE,ZOI-20E,13/12/2022,28/11/2022,29/11/2022,,,,,,,,
107,FACTORY IN FOR STUFFING,HMA,,STAR,TRANSWORLD-DADRI,,ZCLU9939714,NHAVA SHEVA-GTIL,PORT KLANG NORTH,ZOI-20E,13/12/2022,28/11/2022,29/11/2022,,,,,,,,
108,FACTORY IN FOR STUFFING,HMA,,STAR,TRANSWORLD-DADRI,,ZCLU9951155,NHAVA SHEVA-GTIL,PORT KLANG WEST,ZOI-20E,13/12/2022,28/11/2022,29/11/2022,,,,,,,,
109,FACTORY IN FOR STUFFING,MIRHA,,STAR,TRANSWORLD-DADRI,,GMOU9017398,NHAVA SHEVA-GTIL,PORT KLANG WEST,X PRESS ODYSSEY-950E,04/12/2022,24/11/2022,25/11/2022,,,,,,,,
110,FACTORY IN FOR STUFFING,STANDARD FROZEN,,STAR,KANPUR-PANKI,,ZCLU9952090,NHAVA SHEVA-GTIL,PORT KLANG WEST,OOCL NEW YORK-0FB7CE1MA,06/12/2022,27/11/2022,28/11/2022,,,,,,,,
111,FACTORY IN FOR STUFFING,FAIR,,WAN HAI,TRANSWORLD-DADRI,,WHLU7760942,MUNDRA,CAT LAI,ALEXANDRIA BRIDGE-E122,05/12/2022,24/11/2022,25/11/2022,,,,,,,,
112,FACTORY IN FOR STUFFING,FAIR,,WAN HAI,TRANSWORLD-DADRI,,SEGU9619736,MUNDRA,CAT LAI,ALEXANDRIA BRIDGE-E122,05/12/2022,24/11/2022,25/11/2022,,,,,,,,
113,FACTORY IN FOR STUFFING,FAIR,,WAN HAI,TRANSWORLD-DADRI,,OTPU6194671,MUNDRA,SIHANOUKVILLE,EVER UTILE,01/12/2022,28/11/2022,29/11/2022,,,,,,,,
114,FACTORY IN FOR STUFFING,FAIR,,WAN HAI,TRANSWORLD-DADRI,,SEGU9923986,MUNDRA,SIHANOUKVILLE,EVER UTILE,01/12/2022,28/11/2022,29/11/2022,,,,,,,,
115,LOADED GATE IN,INTERNATIONAL,IAF/623/2022-23,CMA,TRANSWORLD-DADRI,,SEGU9865581,MUNDRA,MISURATAH,PRAGUE EXPRESS / 0EHDEW1MA,13/12/2022,22/11/2022,23/11/2022,23/11/2022,24/11/2022,,,,,,
116,LOADED GATE IN,FAIR,1111673659,HAPAG,TRANSWORLD-DADRI,95157961,FCGU6125369,MUNDRA,SOHAR,NORTHERN DISCOVERY,05/12/2022,25/11/2022,,,27/11/2022,,,,,08/12/2022,
117,LOADED GATE IN,MASH,MAFL/B/786/1239,MAERSK,KANPUR-JRY,,MSWU0052530,NHAVA SHEVA-NSICT,ALEXANDRIA,BFAD ATLANTIC -249W,08/12/2022,25/11/2022,,,29/11/2022,,,,,,
118,LOADED GATE IN,FAIR,1111673668,MSC,TRANSWORLD-DADRI,EBKG04483789-1,TTNU8369061,MUNDRA,SOHAR,MSC ERMINIA - JA249R,09/12/2022,25/11/2022,26/11/2022,28/11/2022,29/11/2022,,,,,25/12/2022,
119,LOADED GATE IN,AL NAMRA,AN-06/22-23,STAR,TRANSWORLD-DADRI,GOSURQL6180189,GMOU9019805,MUNDRA,HONG KONG,– X-PRESS ODYSSEY  / V,05/12/2022,26/11/2022,27/11/2022,27/11/2022,28/11/2022,,,,,20/12/2022,
120,LOADED GATE IN,FAIR,1111673667,STAR,ICD PALWAL,LNLURQL6180275,ZCLU9941352,MUNDRA,PORT KLANG WEST,X-PRESS ODYSSEY  / V – 940E,06/12/2022,25/11/2022,26/11/2022,28/11/2022,29/11/2022,,,,,16/12/2022,
121,LOADED GATE IN,HMA,HMA/1055/2022-23,STAR,TRANSWORLD-DADRI,LNLUBOM6385339,GMOU9008971,NHAVA SHEVA-GTIL,PORT KLANG WEST,ZOI  / V,12/12/2022,26/11/2022,27/11/2022,27/11/2022,29/11/2022,,,,,25/12/2022,
122,OUT FOR STUFFING,FAIR,,CMA,TRANSWORLD-DADRI,,SEGU9538887,NHAVA SHEVA-NSICT,SKIKDA,APL ANTWERP-0MXDJW1MA,07/12/2022,26/11/2022,,,,,,,,,
123,OUT FOR STUFFING,FAIR,,CMA,TRANSWORLD-DADRI,,AMCU9291070,NHAVA SHEVA-NSICT,SKIKDA,APL ANTWERP-0MXDJW1MA,07/12/2022,26/11/2022,,,,,,,,,
124,OUT FOR STUFFING,MARHABA,MFF/607/22-23,CMA,KANPUR-PANKI,,TCLU1286005,NHAVA SHEVA-NSIGT,ALEXANDRIA,ONE ALTAIR-0IND3W1MA,12/12/2022,26/11/2022,,,,,,,,,
125,OUT FOR STUFFING,MARHABA,,CMA,KANPUR-PANKI,,TTNU8327868,NHAVA SHEVA-GTIL,ALEXANDRIA,ONE ALTAIR,12/12/2022,28/11/2022,,,,,,,,,
126,OUT FOR STUFFING,FAIR,1111322043,GOODRICH,ICD PALWAL,,TRLU1654868,MUNDRA,BANDAR ABBAS,TBN,10/12/2022,26/11/2022,,,,,,,,,
127,OUT FOR STUFFING,FAIR,,GOODRICH,TRANSWORLD-DADRI,,HJCU6103400,MUNDRA,BANDAR ABBAS,TBN,10/12/2022,26/11/2022,,,,,,,,,
128,OUT FOR STUFFING,FAIR,,GOODRICH,TRANSWORLD-DADRI,,GESU9183566,MUNDRA,BANDAR ABBAS,TBN,10/12/2022,26/11/2022,,,,,,,,,
129,OUT FOR STUFFING,FAIR,,GOODRICH,TRANSWORLD-DADRI,,TRLU1651880,MUNDRA,BANDAR ABBAS,na,29/11/2022,28/11/2022,,,,,,,,,
130,OUT FOR STUFFING,FAIR,,GOODRICH,TRANSWORLD-DADRI,,GESU9463510,MUNDRA,BANDAR ABBAS,na,29/11/2022,28/11/2022,,,,,,,,,
131,OUT FOR STUFFING,RUSTAM,,GOODRICH,KANPUR-PANKI,,VMLU4500793,NHAVA SHEVA-BMCT,SHARJAH,TBN,10/12/2022,28/11/2022,,,,,,,,,
132,OUT FOR STUFFING,FAIR,,HAPAG,TRANSWORLD-DADRI,,TCLU1212234,MUNDRA,UMM QASR NORTH,NORTHERN DISCOVERY-2247W,05/12/2022,26/11/2022,,,,,,,,,
133,OUT FOR STUFFING,FAIR,,HAPAG,TRANSWORLD-DADRI,,UAEU1239381,NHAVA SHEVA-GTIL,RIYADH,RDO FORTUNE,06/12/2022,25/11/2022,,,,,,,,,
134,OUT FOR STUFFING,MASH,,HAPAG,KANPUR-JRY,,HLBU9044175,NHAVA SHEVA-NSIGT,ALEXANDRIA,EXPRESS ATHENS,05/12/2022,24/11/2022,,,,,,,,,
135,OUT FOR STUFFING,MASH,,HAPAG,KANPUR-JRY,,HLBU9054996,NHAVA SHEVA-NSIGT,ALEXANDRIA,EXPRESS ATHENS,05/12/2022,25/11/2022,,,,,,,,,
136,OUT FOR STUFFING,MASH,,HAPAG,KANPUR-JRY,,UACU4782800,NHAVA SHEVA-NSIGT,ALEXANDRIA,ONE ALTAIR,12/12/2022,28/11/2022,,,,,,,,,
137,OUT FOR STUFFING,MASH,MAFL/786/316,MAERSK,KANPUR-JRY,,MNBU0266102,NHAVA SHEVA-NSICT,HAMAD,BFAD ATLANTIC -249W,08/12/2022,24/11/2022,,,,,,,,,
138,OUT FOR STUFFING,MASH,MAFL/786/317,MAERSK,KANPUR-JRY,,MWMU6437837,NHAVA SHEVA-BMCT,SHUWAIKH,CAP SAN JUAN -248W,09/12/2022,27/11/2022,,,,,,,,,
139,OUT FOR STUFFING,MASH,MAFL/B/786/1239,MAERSK,KANPUR-JRY,,MWCU5255210,NHAVA SHEVA-NSICT,ALEXANDRIA,BFAD ATLANTIC -249W,08/12/2022,24/11/2022,,,,,,,,,
140,OUT FOR STUFFING,MASH,,MAERSK,KANPUR-JRY,,MNBU3142532,NHAVA SHEVA-NSICT,BAHRAIN,BFAD ATLANTIC -249W,08/12/2022,27/11/2022,,,,,,,,,
141,OUT FOR STUFFING,MIRHA,,MAERSK,KANPUR-PANKI,,MWCU5237990,NHAVA SHEVA-BMCT,ALEXANDRIA,CAP SAN JUAN 248W,09/12/2022,29/11/2022,,,,,,,,,
142,OUT FOR STUFFING,RUSTAM,,MAERSK,KANPUR-PANKI,,MNBU3305619,NHAVA SHEVA-BMCT,UMM QASR NORTH,BFAD ATLANTIC -249W,08/12/2022,24/11/2022,,,,,,,,,
143,OUT FOR STUFFING,ZAKARIYA AGRAO PRIVAT LIMITED,,MAERSK,KANPUR-PANKI,,MNBU0207250,NHAVA SHEVA-NSICT,DAMMAM,BFAD ATLANTIC -249W,08/12/2022,28/11/2022,,,,,,,,,
144,PENDING FOR RAILOUT,ABZ AGRO FOODS LIMITED,ABZ/18-22,CMA,KANPUR-PANKI,CGD0148807,TCLU1343152,NHAVA SHEVA-GTIL,SIHANOUKVILLE,OOCL NEW YORK / 0FB7CE1MA,06/12/2022,22/11/2022,,,27/11/2022,28/11/2022,,,,25/12/2022,
145,PENDING FOR RAILOUT,ABZ AGRO FOODS LIMITED,ABZ/19-22,CMA,KANPUR-PANKI,CGD0148808,TCLU1229704,NHAVA SHEVA-GTIL,SIHANOUKVILLE,OOCL NEW YORK / 0FB7CE1MA,06/12/2022,22/11/2022,,,27/11/2022,28/11/2022,,,,25/12/2022,
146,PENDING FOR RAILOUT,AL SAMEER,ASE/410/22-23,CMA,TRANSWORLD-DADRI,CAD0668869,CGMU5249792,MUNDRA,DAMMAM,NORTHERN VIGOUR / 02SD7S1MA,03/12/2022,25/11/2022,26/11/2022,26/11/2022,26/11/2022,28/11/2022,,,,12/12/2022,
147,PENDING FOR RAILOUT,AL SAMEER,ASE/412/22-23,CMA,TRANSWORLD-DADRI,CAD0668873,CRSU6103208,NHAVA SHEVA-GTIL,JEDDAH,APL ANTWERP / 0MXDJW1MA,07/12/2022,25/11/2022,26/11/2022,29/11/2022,29/11/2022,29/11/2022,,,,15/12/2022,
148,PENDING FOR RAILOUT,AL SAMEER,ASE/413/22-23,CMA,TRANSWORLD-DADRI,CAD0668867,SEKU9131900,NHAVA SHEVA-GTIL,JEDDAH,APL ANTWERP / 0MXDJW1MA,07/12/2022,26/11/2022,27/11/2022,29/11/2022,29/11/2022,29/11/2022,,,,15/12/2022,
149,PENDING FOR RAILOUT,ALLANASONS PRIVATE LIMITED (MAHARASHTRA),AC6TX22230000643,CMA,KANPUR-PANKI,CGD0148814,APRU5852794,NHAVA SHEVA-GTIL,PORT KLANG WEST,OOCL NEW YORK / 0FB7CE1MA,06/12/2022,25/11/2022,26/11/2022,26/11/2022,27/11/2022,28/11/2022,,,,14/12/2022,
150,PENDING FOR RAILOUT,ALLANASONS PRIVATE LIMITED (MAHARASHTRA),AL5TX22230000641,CMA,KANPUR-PANKI,CGD0148809,CGMU5115920,NHAVA SHEVA-GTIL,PORT KLANG WEST,OOCL NEW YORK / 0FB7CE1MA,06/12/2022,25/11/2022,26/11/2022,26/11/2022,27/11/2022,28/11/2022,,,,14/12/2022,
151,PENDING FOR RAILOUT,ALLANASONS PRIVATE LIMITED (MAHARASHTRA),AL5TX22230000642,CMA,KANPUR-PANKI,CGD0148812,APRU6115981,NHAVA SHEVA-GTIL,PORT KLANG WEST,OOCL NEW YORK / 0FB7CE1MA,06/12/2022,25/11/2022,26/11/2022,26/11/2022,26/11/2022,28/11/2022,,,,14/12/2022,
152,PENDING FOR RAILOUT,ALLANASONS PRIVATE LIMITED (MAHARASHTRA),AL5TX22230000644,CMA,KANPUR-PANKI,CGD0148811,BMOU9701683,NHAVA SHEVA-GTIL,PORT KLANG WEST,OOCL NEW YORK / 0FB7CE1MA,06/12/2022,25/11/2022,26/11/2022,26/11/2022,27/11/2022,28/11/2022,,,,14/12/2022,
153,PENDING FOR RAILOUT,ALLANASONS PRIVATE LIMITED (MAHARASHTRA),AL5TX22230000645,CMA,KANPUR-PANKI,CGD0148810,CRSU6094507,NHAVA SHEVA-GTIL,PORT KLANG WEST,OOCL NEW YORK / 0FB7CE1MA,06/12/2022,25/11/2022,26/11/2022,26/11/2022,27/11/2022,28/11/2022,,,,14/12/2022,
154,PENDING FOR RAILOUT,ALLANASONS PRIVATE LIMITED (MAHARASHTRA),AL5TX22230000646,CMA,KANPUR-PANKI,CGD0148813,APRU5820797,NHAVA SHEVA-GTIL,PORT KLANG WEST,OOCL NEW YORK / 0FB7CE1MA,06/12/2022,25/11/2022,26/11/2022,28/11/2022,28/11/2022,29/11/2022,,,,14/12/2022,
155,PENDING FOR RAILOUT,ALLANASONS PRIVATE LIMITED (MAHARASHTRA),AL5TX22230000650,CMA,KANPUR-PANKI,CGD0148817,TRIU8869056,NHAVA SHEVA-GTIL,PORT KLANG WEST,OOCL NEW YORK / 0FB7CE1MA,06/12/2022,26/11/2022,27/11/2022,27/11/2022,28/11/2022,28/11/2022,,,,14/12/2022,
156,PENDING FOR RAILOUT,ALLANASONS PRIVATE LIMITED (MAHARASHTRA),AL5TX22230000651,CMA,KANPUR-PANKI,CGD0148816,GESU9551945,NHAVA SHEVA-GTIL,PORT KLANG WEST,OOCL NEW YORK / 0FB7CE1MA,06/12/2022,26/11/2022,27/11/2022,27/11/2022,28/11/2022,28/11/2022,,,,14/12/2022,
157,PENDING FOR RAILOUT,ALLANASONS PRIVATE LIMITED (MAHARASHTRA),AL5TX22230000652,CMA,KANPUR-PANKI,CGD0148818,CGMU9364095,NHAVA SHEVA-GTIL,PORT KLANG WEST,OOCL NEW YORK / 0FB7CE1MA,06/12/2022,26/11/2022,27/11/2022,27/11/2022,28/11/2022,28/11/2022,,,,14/12/2022,
158,PENDING FOR RAILOUT,ALLANASONS PRIVATE LIMITED (MAHARASHTRA),AL5TX22230000653,CMA,KANPUR-PANKI,CGD0148815,GESU9540426,NHAVA SHEVA-GTIL,PORT KLANG WEST,OOCL NEW YORK / 0FB7CE1MA,06/12/2022,26/11/2022,27/11/2022,27/11/2022,28/11/2022,28/11/2022,,,,14/12/2022,
159,PENDING FOR RAILOUT,ALLANASONS PRIVATE LIMITED (MAHARASHTRA),AL5TX22230000654,CMA,KANPUR-PANKI,CGD0148853,CGMU5082241,NHAVA SHEVA-GTIL,PORT KLANG WEST,OOCL NEW YORK / 0FB7CE1MA,06/12/2022,27/11/2022,28/11/2022,28/11/2022,28/11/2022,29/11/2022,,,,14/12/2022,
160,PENDING FOR RAILOUT,ALM,ALM/22-23/508,CMA,TRANSWORLD-DADRI,CAD0668804,CGMU4991997,NHAVA SHEVA-GTIL,PORT KLANG WEST,OOCL NEW YORK / 0FB7CE1MA,06/12/2022,24/11/2022,25/11/2022,28/11/2022,29/11/2022,29/11/2022,,,,14/12/2022,
161,PENDING FOR RAILOUT,FAIR,1111673649,CMA,TRANSWORLD-DADRI,CAD0668875,CGMU5046938,NHAVA SHEVA-GTIL,KUANTAN,OOCL NEW YORK / 0FB7CE1MA,06/12/2022,24/11/2022,25/11/2022,26/11/2022,27/11/2022,28/11/2022,,,,21/12/2022,
162,PENDING FOR RAILOUT,FAIR,1111673664,CMA,KANPUR-PANKI,CGD0148844,SZLU9072262,NHAVA SHEVA-GTIL,SKIKDA,APL ANTWERP / 0MXDJW1MA,07/12/2022,27/11/2022,,,29/11/2022,29/11/2022,,,,31/12/2022,
163,PENDING FOR RAILOUT,FAIR,1111673664,CMA,KANPUR-PANKI,CGD0148844,CGMU5060685,NHAVA SHEVA-GTIL,SKIKDA,APL ANTWERP / 0MXDJW1MA,07/12/2022,27/11/2022,,,29/11/2022,29/11/2022,,,,31/12/2022,
164,PENDING FOR RAILOUT,FAIR,1111673665,CMA,KANPUR-PANKI,CGD0148846,CGMU5130838,NHAVA SHEVA-BMCT,FREETOWN,LOTUS A / 0PE59W1MA,08/12/2022,27/11/2022,,,29/11/2022,29/11/2022,,,,12/01/2023,
165,PENDING FOR RAILOUT,FAIR,1111673666,CMA,KANPUR-PANKI,CGD0148847,TRIU8062927,NHAVA SHEVA-BMCT,FREETOWN,LOTUS A / 0PE59W1MA,08/12/2022,27/11/2022,,,29/11/2022,29/11/2022,,,,12/01/2023,
166,PENDING FOR RAILOUT,FAIR,1111322039,HAPAG,TRANSWORLD-DADRI,12346822,GESU9351952,NHAVA SHEVA-GTIL,RIYADH,RDO FORTUNE,06/12/2022,25/11/2022,,,28/11/2022,28/11/2022,,,,18/12/2022,
167,PENDING FOR RAILOUT,FAIR,1111322046,HAPAG,TRANSWORLD-DADRI,28390012,HLBU9115453,MUNDRA,UMM QASR NORTH,NORTHERN DISCOVERY,05/12/2022,26/11/2022,27/11/2022,28/11/2022,29/11/2022,29/11/2022,,,,16/12/2022,
168,PENDING FOR RAILOUT,FAIR,1111673631,HAPAG,KANPUR-JRY,96545118,SEGU9389464,NHAVA SHEVA-GTIL,BAHRAIN,RDO FORTUNE,06/12/2022,21/11/2022,,,24/11/2022,24/11/2022,,,,13/12/2022,
169,PENDING FOR RAILOUT,MIRHA,MEPL/P0837/22-23,HAPAG,KANPUR-PANKI,23377638,HLBU9020384,NHAVA SHEVA-GTIL,HAIPHONG,ITAL UNICA,07/12/2022,23/11/2022,24/11/2022,26/11/2022,27/11/2022,28/11/2022,,,,16/12/2022,
170,PENDING FOR RAILOUT,AL SAMEER,ASE/400/22-23,MAERSK,KANPUR-PANKI,914686179,MNBU0470203,NHAVA SHEVA-BMCT,ALEXANDRIA,CAP SAN JUAN-248W,09/12/2022,21/11/2022,23/11/2022,24/11/2022,27/11/2022,28/11/2022,,,,30/12/2022,
171,PENDING FOR RAILOUT,AL SAMEER,ASE/400/22-23,MAERSK,KANPUR-PANKI,914686179,MNBU3538288,NHAVA SHEVA-BMCT,ALEXANDRIA,CAP SAN JUAN-248W,09/12/2022,21/11/2022,23/11/2022,24/11/2022,27/11/2022,28/11/2022,,,,30/12/2022,
172,PENDING FOR RAILOUT,AL SAMEER,ASE/400/22-23,MAERSK,KANPUR-PANKI,914686179,MNBU3810729,NHAVA SHEVA-BMCT,ALEXANDRIA,CAP SAN JUAN-248W,09/12/2022,21/11/2022,24/11/2022,24/11/2022,27/11/2022,28/11/2022,,,,30/12/2022,
173,PENDING FOR RAILOUT,AL SAMEER,ASE/405/22-23,MAERSK,KANPUR-PANKI,914695497,MNBU3259278,NHAVA SHEVA-NSICT,UMM QASR NORTH,BFAD ATLANTIC-249W,08/12/2022,21/11/2022,24/11/2022,25/11/2022,27/11/2022,28/11/2022,,,,15/12/2022,
174,PENDING FOR RAILOUT,AL-NASIR,ANE/EXP396/22-23,MAERSK,TRANSWORLD-DADRI,914695447,MSWU9054956,NHAVA SHEVA-NSICT,SOHAR,BFAD ATLANTIC 249W,08/12/2022,22/11/2022,23/11/2022,28/11/2022,29/11/2022,29/11/2022,,,,19/12/2022,
175,PENDING FOR RAILOUT,AL-NASIR,ANE/EXP400/22-23,MAERSK,TRANSWORLD-DADRI,914686212,MNBU3323660,NHAVA SHEVA-BMCT,ALEXANDRIA,CAP SAN JUAN 248W,09/12/2022,22/11/2022,23/11/2022,24/11/2022,25/11/2022,25/11/2022,,,,27/12/2022,
176,PENDING FOR RAILOUT,AL-NASIR,ANE/EXP400/22-23,MAERSK,TRANSWORLD-DADRI,914686212,MNBU0227718,NHAVA SHEVA-BMCT,ALEXANDRIA,CAP SAN JUAN 248W,09/12/2022,22/11/2022,23/11/2022,24/11/2022,25/11/2022,25/11/2022,,,,27/12/2022,
177,PENDING FOR RAILOUT,AL-NASIR,ANE/EXP401/22-23,MAERSK,TRANSWORLD-DADRI,914695591,MNBU3337154,NHAVA SHEVA-BMCT,ALEXANDRIA,CAP SAN JUAN 248W,09/12/2022,23/11/2022,24/11/2022,27/11/2022,28/11/2022,28/11/2022,,,,27/12/2022,
178,PENDING FOR RAILOUT,AL-NASIR,ANE/EXP401/22-23,MAERSK,TRANSWORLD-DADRI,914695591,MNBU3234921,NHAVA SHEVA-BMCT,ALEXANDRIA,CAP SAN JUAN 248W,09/12/2022,23/11/2022,24/11/2022,27/11/2022,28/11/2022,28/11/2022,,,,27/12/2022,
179,PENDING FOR RAILOUT,AL-NASIR,ANE/EXP406/22-23,MAERSK,TRANSWORLD-DADRI,914695440,MNBU0156846,NHAVA SHEVA-NSICT,SHARJAH,BFAD ATLANTIC 249W,08/12/2022,23/11/2022,24/11/2022,28/11/2022,29/11/2022,29/11/2022,,,,17/12/2022,
180,PENDING FOR RAILOUT,AL-NASIR,ANE/EXP407/22-23,MAERSK,TRANSWORLD-DADRI,914689210,MSWU0033762,NHAVA SHEVA-NSICT,UMM QASR NORTH,BFAD ATLANTIC 249W,08/12/2022,25/11/2022,26/11/2022,27/11/2022,28/11/2022,28/11/2022,,,,16/12/2022,
181,PENDING FOR RAILOUT,AL-NASIR,ANE/EXP408/22-23,MAERSK,TRANSWORLD-DADRI,914695587,MNBU0236290,NHAVA SHEVA-BMCT,ALEXANDRIA,CAP SAN JUAN 248W,09/12/2022,26/11/2022,27/11/2022,28/11/2022,29/11/2022,29/11/2022,,,,27/12/2022,
182,PENDING FOR RAILOUT,ALM FOOD,AFPEX/22-23/F353,MAERSK,TRANSWORLD-DADRI,914687816,SUDU6069404,NHAVA SHEVA-BMCT,JEDDAH,CAP SAN JUAN 248W,09/12/2022,23/11/2022,24/11/2022,26/11/2022,27/11/2022,29/11/2022,,,,17/12/2022,
183,PENDING FOR RAILOUT,ARAFAATH,AEPL/030/2022-23,MAERSK,TRANSWORLD-DADRI,914695438,SUDU5121597,NHAVA SHEVA-NSICT,SHARJAH,BFAD ATLANTIC 249W,08/12/2022,22/11/2022,23/11/2022,26/11/2022,26/11/2022,28/11/2022,,,,17/12/2022,
184,PENDING FOR RAILOUT,INDIA,IFF/EXP/23/0917,MAERSK,TRANSWORLD-DADRI,914689291,MNBU9102753,NHAVA SHEVA-NSICT,SOHAR,BFAD ATLANTIC 249W,08/12/2022,23/11/2022,24/11/2022,28/11/2022,29/11/2022,29/11/2022,,,,19/12/2022,
185,PENDING FOR RAILOUT,INTERNATIONAL,IAF/632/2022-23,MAERSK,TRANSWORLD-DADRI,914695446,MNBU0073510,NHAVA SHEVA-NSICT,SOHAR,BFAD ATLANTIC 249W,08/12/2022,22/11/2022,23/11/2022,28/11/2022,28/11/2022,29/11/2022,,,,19/12/2022,
186,PENDING FOR RAILOUT,MARHABA,MFF/601/22-23,MAERSK,KANPUR-PANKI,914695495,MNBU3456549,NHAVA SHEVA-NSICT,UMM QASR NORTH,BFAD ATLANTIC-249W,08/12/2022,23/11/2022,25/11/2022,25/11/2022,27/11/2022,28/11/2022,,,,15/12/2022,
187,PENDING FOR RAILOUT,MARHABA,MFF/612/22-23,MAERSK,TRANSWORLD-DADRI,914697197,MNBU9118092,NHAVA SHEVA-BMCT,JEDDAH,CAP SAN JUAN 248W,09/12/2022,22/11/2022,23/11/2022,28/11/2022,29/11/2022,29/11/2022,,,,17/12/2022,
188,PENDING FOR RAILOUT,MASH,MAFL/786/314,MAERSK,KANPUR-JRY,914687827,MNBU3474202,NHAVA SHEVA-BMCT,JEDDAH,CAP SAN JUAN-248W,09/12/2022,22/11/2022,23/11/2022,27/11/2022,28/11/2022,28/11/2022,,,,20/12/2022,
189,PENDING FOR RAILOUT,MASH,MAFL/B/786/1236,MAERSK,KANPUR-JRY,914686180,SUDU6136694,NHAVA SHEVA-BMCT,ALEXANDRIA,CSAV TRAIGUEN-247W,02/12/2022,21/11/2022,,,25/11/2022,25/11/2022,,,,20/12/2022,
190,PENDING FOR RAILOUT,MASH,MAFL/B/786/1236,MAERSK,KANPUR-JRY,914686180,SUDU8032810,NHAVA SHEVA-BMCT,ALEXANDRIA,CSAV TRAIGUEN-247W,02/12/2022,21/11/2022,,,25/11/2022,25/11/2022,,,,20/12/2022,
191,PENDING FOR RAILOUT,MASH,MAFL/B/786/1236,MAERSK,KANPUR-JRY,914686180,MNBU9030695,NHAVA SHEVA-BMCT,ALEXANDRIA,CSAV TRAIGUEN-247W,02/12/2022,22/11/2022,23/11/2022,23/11/2022,24/11/2022,25/11/2022,,,,20/12/2022,
192,PENDING FOR RAILOUT,RUSTAM,RF/607-22,MAERSK,TRANSWORLD-DADRI,914689208,MNBU0076334,NHAVA SHEVA-NSICT,UMM QASR NORTH,BFAD ATLANTIC 249W,08/12/2022,23/11/2022,24/11/2022,26/11/2022,27/11/2022,28/11/2022,,,,16/12/2022,
193,PENDING FOR RAILOUT,RUSTAM,RF/609-22,MAERSK,KANPUR-PANKI,914695496,MNBU3725144,NHAVA SHEVA-NSICT,UMM QASR NORTH,BFAD ATLANTIC-249W,08/12/2022,24/11/2022,,,28/11/2022,28/11/2022,,,,15/12/2022,
194,PENDING FOR RAILOUT,TOURO,TP/60-22,MAERSK,TRANSWORLD-DADRI,914698598,CNIU2210896,NHAVA SHEVA-BMCT,HAMAD,CAP SAN JUAN 248W,09/12/2022,22/11/2022,23/11/2022,26/11/2022,28/11/2022,28/11/2022,,,,21/12/2022,
195,PENDING FOR RAILOUT,FAIR,1111940880,MSC,TRANSWORLD-DADRI,EBKG04484372,TRIU8562049,MUNDRA,SOHAR,MSC ERMINIA - JA249R,07/12/2022,25/11/2022,,,29/11/2022,29/11/2022,,,,15/12/2022,
196,PENDING FOR RAILOUT,INDIA,IFF/EXP/23/0900,MSC,TRANSWORLD-DADRI,EBKG04474485-1,TTNU8062650,MUNDRA,POTI,HERMANN SCHULTE - IX247A,04/12/2022,22/11/2022,23/11/2022,25/11/2022,26/11/2022,28/11/2022,,,,20/12/2022,
197,PENDING FOR RAILOUT,INDIA,IFF/EXP/23/0907,MSC,TRANSWORLD-DADRI,EBKG04474567-1,TRIU8508428,MUNDRA,POTI,HERMANN SCHULTE - IX247A,04/12/2022,25/11/2022,26/11/2022,27/11/2022,27/11/2022,28/11/2022,,,,20/12/2022,
198,PENDING FOR RAILOUT,INDIA,IFF/EXP/23/0908,MSC,TRANSWORLD-DADRI,EBKG04474548-1,CXRU1408728,MUNDRA,POTI,MSC MELISSA - IX246A,05/12/2022,25/11/2022,26/11/2022,27/11/2022,28/11/2022,28/11/2022,,,,20/12/2022,
199,PENDING FOR RAILOUT,INDIA,IFF/EXP/23/0911,MSC,TRANSWORLD-DADRI,EBKG04483639-1,CXRU1447600,MUNDRA,POTI,MSC VERONIQUE - IX248A,06/12/2022,25/11/2022,26/11/2022,28/11/2022,29/11/2022,29/11/2022,,,,20/12/2022,
200,PENDING FOR RAILOUT,INDIA,IFF/EXP/23/0913,MSC,TRANSWORLD-DADRI,EBKG04483735-1,TEMU9152099,MUNDRA,POTI,MSC VERONIQUE - IX248A,05/12/2022,22/11/2022,23/11/2022,28/11/2022,29/11/2022,29/11/2022,,,,25/12/2022,
201,PENDING FOR RAILOUT,AL AMMAR,AMR/22-23/0580,STAR,TRANSWORLD-DADRI,LNLUBOM6385335,GMOU9017459,NHAVA SHEVA-GTIL,PORT KLANG WEST,ZOI  / V,12/12/2022,23/11/2022,24/11/2022,27/11/2022,29/11/2022,29/11/2022,,,,25/12/2022,
202,PENDING FOR RAILOUT,AL AMMAR,AMR/22-23/0581,STAR,TRANSWORLD-DADRI,LNLUBOM6385337,GMOU9013860,NHAVA SHEVA-GTIL,PORT KLANG WEST,ZOI  / V,12/12/2022,23/11/2022,24/11/2022,27/11/2022,29/11/2022,29/11/2022,,,,25/12/2022,
203,PENDING FOR RAILOUT,AL-NASIR,ANE/EXP397/22-23,STAR,TRANSWORLD-DADRI,GOSUBOM6385333,GMOU9011785,NHAVA SHEVA-GTIL,HAIPHONG,– ZOI  / V,12/12/2022,21/11/2022,22/11/2022,28/11/2022,29/11/2022,29/11/2022,,,,25/12/2022,
204,PENDING FOR RAILOUT,ALM,ALM/22-23/504,STAR,TRANSWORLD-DADRI,LNLUBOM6385338,ZCLU9922774,NHAVA SHEVA-GTIL,PORT KLANG WEST,ZOI  / V,12/12/2022,25/11/2022,26/11/2022,28/11/2022,29/11/2022,29/11/2022,,,,25/12/2022,
205,PENDING FOR RAILOUT,FAIR,1111230932,STAR,TRANSWORLD-DADRI,GOSUBOM6385331,ZCLU9938960,NHAVA SHEVA-GTIL,SINGAPORE,ZOI  / V,13/12/2022,25/11/2022,26/11/2022,28/11/2022,29/11/2022,29/11/2022,,,,25/12/2022,
206,PENDING FOR RAILOUT,FAIR,1111322026,STAR,ICD PALWAL,LNLURQL6179970,GMOU9013561,MUNDRA,PORT KLANG WEST,X-PRESS ODYSSEY  / V - 940E,06/12/2022,23/11/2022,24/11/2022,25/11/2022,26/11/2022,26/11/2022,,,,16/12/2022,
207,PENDING FOR RAILOUT,FAIR,1111322027,STAR,ICD PALWAL,LNLURQL6179967,GMOU9013474,MUNDRA,PORT KLANG WEST,X-PRESS ODYSSEY  / V - 940E,06/12/2022,23/11/2022,24/11/2022,25/11/2022,26/11/2022,26/11/2022,,,,16/12/2022,
208,PENDING FOR RAILOUT,FAIR,1111673638,STAR,ICD PALWAL,LNLURQL6179969,GMOU9014249,MUNDRA,PORT KLANG WEST,X-PRESS ODYSSEY  / V – 940E,06/12/2022,23/11/2022,,,25/11/2022,25/11/2022,,,,16/12/2022,
209,PENDING FOR RAILOUT,FAIR,1111673652,STAR,ICD PALWAL,LNLURQL6180199,GMOU9007928,MUNDRA,PORT KLANG WEST,X-PRESS ODYSSEY  / V – 940E,06/12/2022,24/11/2022,,,28/11/2022,28/11/2022,,,,16/12/2022,
210,PENDING FOR RAILOUT,FAIR,1111673653,STAR,ICD PALWAL,LNLURQL6180197,GMOU9019723,MUNDRA,PORT KLANG WEST,X-PRESS ODYSSEY  / V – 940E,06/12/2022,25/11/2022,26/11/2022,26/11/2022,27/11/2022,28/11/2022,,,,16/12/2022,
211,PENDING FOR RAILOUT,FAIR,1111850790,STAR,ICD PALWAL,LNLURQL6180107,GMOU9013495,MUNDRA,PORT KLANG WEST,X-PRESS ODYSSEY  / V - 940E,06/12/2022,23/11/2022,24/11/2022,25/11/2022,26/11/2022,26/11/2022,,,,16/12/2022,
212,PENDING FOR RAILOUT,FAIR,1111850790,STAR,ICD PALWAL,LNLURQL6180107,GMOU9013140,MUNDRA,PORT KLANG WEST,X-PRESS ODYSSEY  / V - 940E,06/12/2022,23/11/2022,24/11/2022,25/11/2022,26/11/2022,26/11/2022,,,,16/12/2022,
213,PENDING FOR RAILOUT,FAIR,1111850793,STAR,ICD PALWAL,LNLURQL6180196,GMOU9012539,MUNDRA,PORT KLANG WEST,X-PRESS ODYSSEY  / V – 940E,06/12/2022,24/11/2022,,,28/11/2022,28/11/2022,,,,16/12/2022,
214,PENDING FOR RAILOUT,HMA,HMA/1046/2022-23,STAR,TRANSWORLD-DADRI,GOSURQL6180190,GMOU9013540,MUNDRA,CAT LAI,X-PRESS ODYSSEY,06/12/2022,26/11/2022,26/11/2022,27/11/2022,28/11/2022,28/11/2022,,,,20/12/2022,
215,PENDING FOR RAILOUT,HMA,HMA/1049/2022-23,STAR,TRANSWORLD-DADRI,LNLURQL6180191,GMOU9019960,MUNDRA,PENANG,– X-PRESS ODYSSEY  / V,05/12/2022,24/11/2022,25/11/2022,25/11/2022,26/11/2022,28/11/2022,,,,20/12/2022,
216,PENDING FOR RAILOUT,HMA,HMA/1052/2022-23,STAR,TRANSWORLD-DADRI,LNLUBOM6385334,GMOU9009860,NHAVA SHEVA-GTIL,PORT KLANG WEST,ZOI  / V,12/12/2022,25/11/2022,26/11/2022,26/11/2022,29/11/2022,29/11/2022,,,,25/12/2022,
217,PENDING FOR RAILOUT,MARHABA,MFF/600/22-23,STAR,TRANSWORLD-DADRI,GOSURQL6180188,ZCLU9911189,MUNDRA,HONG KONG,X-PRESS ODYSSEY  / V,05/12/2022,24/11/2022,25/11/2022,25/11/2022,26/11/2022,28/11/2022,,,,20/12/2022,
218,PENDING FOR RAILOUT,FAIR,1111322034,WAN HAI,ICD PALWAL,INDRI22110179,SEGU9576526,MUNDRA,CAT LAI,WAN HAI 627,04/12/2022,23/11/2022,24/11/2022,26/11/2022,27/11/2022,28/11/2022,,,,14/12/2022,
219,RAIL OUT,INDIA,IFF/EXP/23/0892,AVANA LOGISTEK LIMITED,TRANSWORLD-DADRI,106392329964574,SEGU9872385,MUNDRA,UMM AL QUWAIN,MONTPELLIER 0024W,30/11/2022,22/11/2022,23/11/2022,24/11/2022,25/11/2022,25/11/2022,26/11/2022,,,10/12/2022,
220,RAIL OUT,INDIA,IFF/EXP/23/0896,AVANA LOGISTEK LIMITED,TRANSWORLD-DADRI,106392329964564,SEGU9872636,MUNDRA,UMM AL QUWAIN,MONTPELLIER 0024W,30/11/2022,21/11/2022,22/11/2022,24/11/2022,25/11/2022,25/11/2022,26/11/2022,,,10/12/2022,
221,RAIL OUT,AL SAMEER,ASE/404/22-23,CMA,TRANSWORLD-DADRI,CAD0668800,CGMU5259300,MUNDRA,JEDDAH,BALTIC BRIDGE 0MXDHW1MA,03/12/2022,21/11/2022,22/11/2022,24/11/2022,25/11/2022,25/11/2022,26/11/2022,,,08/12/2022,
222,RAIL OUT,MIRHA,MEPL/P0826/22-23,CMA,KANPUR-PANKI,CGD0148806,TEMU9271462,NHAVA SHEVA-GTIL,PORT KLANG WEST,AKA BHUM / 0FB7AE1MA,01/12/2022,22/11/2022,23/11/2022,24/11/2022,24/11/2022,25/11/2022,26/11/2022,,,09/12/2022,
223,RAIL OUT,MIRHA,MEPL/P0830/22-23,CMA,TRANSWORLD-DADRI,CAD0668797,CRLU1409627,MUNDRA,BEIRUT,BALTIC BRIDGE 0MXDHW1MA,03/12/2022,23/11/2022,24/11/2022,25/11/2022,26/11/2022,26/11/2022,28/11/2022,,,26/12/2022,
224,RAIL OUT,FAIR,1111940874,GOODRICH,ICD PALWAL,BALDEL2200407,TRIU8442911,MUNDRA,BANDAR ABBAS,BERTIE / 2E,01/12/2022,23/11/2022,24/11/2022,24/11/2022,25/11/2022,25/11/2022,27/11/2022,,,10/12/2022,
225,RAIL OUT,FAIR,1111940874,GOODRICH,ICD PALWAL,BALDEL2200407,CXRU1000314,MUNDRA,BANDAR ABBAS,BERTIE / 2E,01/12/2022,23/11/2022,24/11/2022,24/11/2022,25/11/2022,25/11/2022,27/11/2022,,,10/12/2022,
226,RAIL OUT,FAIR,1111850792,GOODRICH,ICD PALWAL,BALDEL2200406,TRIU8248001,MUNDRA,BANDAR ABBAS,BERTIE / 2E,01/12/2022,21/11/2022,,,25/11/2022,25/11/2022,27/11/2022,,,10/12/2022,
227,RAIL OUT,FAIR,1111850792,GOODRICH,ICD PALWAL,BALDEL2200406,TRIU8420091,MUNDRA,BANDAR ABBAS,BERTIE / 2E,01/12/2022,21/11/2022,,,25/11/2022,25/11/2022,27/11/2022,,,10/12/2022,
228,RAIL OUT,SANYA,SE-205/2022-23,GOODRICH,TRANSWORLD-DADRI,GMLDEL2200442,GRMU5181363,MUNDRA,HAMAD,NORTHERNDEDICATION 2203E,04/12/2022,22/11/2022,23/11/2022,24/11/2022,26/11/2022,28/11/2022,28/11/2022,,,10/12/2022,
229,RAIL OUT,AL SAMEER,ASE/406/22-23,HAPAG,TRANSWORLD-DADRI,17690143,TCLU1187379,MUNDRA,SHARJAH,NORTHERN VIGOUR 02SD7S1MA,03/12/2022,23/11/2022,24/11/2022,24/11/2022,25/11/2022,25/11/2022,26/11/2022,,,21/12/2022,
230,RAIL OUT,FAIR,1111322025,HAPAG,TRANSWORLD-DADRI,20347976,UACU4746253,MUNDRA,RIYADH,NORTHERN DISCOVERY 2247W,06/12/2022,22/11/2022,23/11/2022,24/11/2022,25/11/2022,25/11/2022,28/11/2022,,,20/12/2022,
231,RAIL OUT,AL SAMEER,ASE/402/22-23,MAERSK,TRANSWORLD-DADRI,914686060,MNBU3251132,NHAVA SHEVA-NSICT,SHUWAIKH,BFAD ATLANTIC 249W,08/12/2022,22/11/2022,23/11/2022,26/11/2022,26/11/2022,28/11/2022,28/11/2022,,,15/12/2022,
232,RAIL OUT,AL SAMEER,ASE/408/22-23,MAERSK,TRANSWORLD-DADRI,914686048,MNBU3347018,NHAVA SHEVA-NSICT,UMM QASR NORTH,MAERSK INCHEON 248W,01/12/2022,23/11/2022,24/11/2022,25/11/2022,25/11/2022,25/11/2022,28/11/2022,,,16/12/2022,
233,RAIL OUT,AL SAMEER,ASE/409/22-23,MAERSK,TRANSWORLD-DADRI,914686046,MNBU0467658,NHAVA SHEVA-NSICT,UMM QASR NORTH,BFAD ATLANTIC 249W,08/12/2022,21/11/2022,22/11/2022,25/11/2022,26/11/2022,26/11/2022,28/11/2022,,,15/12/2022,
234,RAIL OUT,AL-NASIR,ANE/EXP405/22-23,MAERSK,TRANSWORLD-DADRI,914696282,MNBU0465819,NHAVA SHEVA-BMCT,AQABA,CAP SAN JUAN 248W,09/12/2022,23/11/2022,24/11/2022,24/11/2022,25/11/2022,25/11/2022,28/11/2022,,,26/12/2022,
235,RAIL OUT,ALM FOOD,AFPEX/22-23/F346,MAERSK,TRANSWORLD-DADRI,914697997,MNBU3518949,NHAVA SHEVA-NSICT,UMM QASR NORTH,MAERSK INCHEON 248W,01/12/2022,22/11/2022,23/11/2022,24/11/2022,25/11/2022,26/11/2022,28/11/2022,,,16/12/2022,
236,RAIL OUT,HMA,HMA/1033/2022-23,MAERSK,TRANSWORLD-DADRI,914697199,MNBU9043012,NHAVA SHEVA-BMCT,JEDDAH,CAP SAN JUAN 248W,09/12/2022,21/11/2022,22/11/2022,22/11/2022,24/11/2022,24/11/2022,28/11/2022,,,17/12/2022,
237,RAIL OUT,INDIA,IFF/EXP/23/0890,MAERSK,TRANSWORLD-DADRI,914698596,MNBU9161550,NHAVA SHEVA-BMCT,UMM QASR NORTH,CAP SAN JUAN 248W,09/12/2022,21/11/2022,22/11/2022,24/11/2022,25/11/2022,25/11/2022,28/11/2022,,,21/12/2022,
238,RAIL OUT,INDIA,IFF/EXP/23/0891,MAERSK,TRANSWORLD-DADRI,914698595,MNBU3783330,NHAVA SHEVA-BMCT,HAMAD,CAP SAN JUAN 248W,09/12/2022,22/11/2022,23/11/2022,24/11/2022,25/11/2022,25/11/2022,28/11/2022,,,21/12/2022,
239,RAIL OUT,INDIA,IFF/EXP/23/0897,MAERSK,TRANSWORLD-DADRI,914686049,MWCU6710601,NHAVA SHEVA-NSICT,UMM QASR NORTH,MAERSK INCHEON 248W,01/12/2022,21/11/2022,22/11/2022,24/11/2022,25/11/2022,26/11/2022,28/11/2022,,,16/12/2022,
240,RAIL OUT,MARHABA,MFF/593/22-23,MAERSK,TRANSWORLD-DADRI,914686211,TLLU1201480,NHAVA SHEVA-BMCT,ALEXANDRIA,CAP SAN JUAN 248W,09/12/2022,21/11/2022,22/11/2022,25/11/2022,26/11/2022,26/11/2022,28/11/2022,,,27/12/2022,
241,RAIL OUT,MARHABA,MFF/593/22-23,MAERSK,TRANSWORLD-DADRI,914686211,MNBU3563378,NHAVA SHEVA-BMCT,ALEXANDRIA,CAP SAN JUAN 248W,09/12/2022,21/11/2022,22/11/2022,25/11/2022,26/11/2022,26/11/2022,28/11/2022,,,27/12/2022,
242,RAIL OUT,MIRHA,MEPL/P0822/22-23,MAERSK,TRANSWORLD-DADRI,914696260,MNBU9133986,NHAVA SHEVA-BMCT,ALEXANDRIA,CSAV TRAIGUEN 247W,02/12/2022,20/11/2022,22/11/2022,22/11/2022,24/11/2022,24/11/2022,27/11/2022,,,20/12/2022,
243,RAIL OUT,MIRHA,MEPL/P0822/22-23,MAERSK,TRANSWORLD-DADRI,914696260,MNBU0286876,NHAVA SHEVA-BMCT,ALEXANDRIA,CSAV TRAIGUEN 247W,02/12/2022,21/11/2022,23/11/2022,24/11/2022,25/11/2022,25/11/2022,27/11/2022,,,20/12/2022,
244,RAIL OUT,RUSTAM,RF/605-22,MAERSK,KANPUR-PANKI,914681764,SUDU6050950,NHAVA SHEVA-NSICT,UMM QASR NORTH,MAERSK INCHEON-248W,01/12/2022,21/11/2022,,,25/11/2022,25/11/2022,26/11/2022,,,14/12/2022,
245,RAIL OUT,TOURO,TP/58-22,MAERSK,TRANSWORLD-DADRI,914689215,MNBU4220814,NHAVA SHEVA-BMCT,HAMAD,CAP SAN JUAN 248W,09/12/2022,21/11/2022,22/11/2022,24/11/2022,25/11/2022,25/11/2022,28/11/2022,,,21/12/2022,
246,RAIL OUT,TOURO,TP/59-22,MAERSK,TRANSWORLD-DADRI,914689214,MWMU6389240,NHAVA SHEVA-BMCT,HAMAD,CAP SAN JUAN 248W,09/12/2022,22/11/2022,23/11/2022,26/11/2022,28/11/2022,28/11/2022,28/11/2022,,,21/12/2022,
247,RAIL OUT,HMA,HMA/1045/2022-23,MSC,TRANSWORLD-DADRI,EBKG04471241,CXRU1471079,MUNDRA,JEDDAH,MSC REGULUS IS248A,04/12/2022,23/11/2022,24/11/2022,24/11/2022,26/11/2022,26/11/2022,28/11/2022,,,14/12/2022,
248,RAIL OUT,INDIA,IFF/EXP/23/0893,MSC,TRANSWORLD-DADRI,EBKG04464884-1,SEGU9054141,MUNDRA,POTI,HERMANN SCHULTE IX247A,04/12/2022,22/11/2022,23/11/2022,24/11/2022,25/11/2022,25/11/2022,26/11/2022,,,30/12/2022,
249,RAIL OUT,INDIA,IFF/EXP/23/0894,MSC,TRANSWORLD-DADRI,EBKG04464943-1,SEGU9044035,MUNDRA,POTI,HERMANN SCHULTE IX247A,04/12/2022,22/11/2022,23/11/2022,24/11/2022,25/11/2022,25/11/2022,26/11/2022,,,30/12/2022,
250,RAIL OUT,FAIR,1111673647,STAR,KANPUR-PANKI,LNLUBOM6385030,GMOU9013345,NHAVA SHEVA-GTIL,PORT KLANG WEST,X-PRESS ODYSSEY  / V – 940E,02/12/2022,24/11/2022,25/11/2022,25/11/2022,26/11/2022,26/11/2022,26/11/2022,,,12/12/2022,
251,RAIL OUT,FAIR,1111850786,STAR,TRANSWORLD-DADRI,LNLUBOM6384539,GMOU9013767,NHAVA SHEVA-NSICT,PORT KLANG WEST,X-PRESS ODYSSEY 940E,03/12/2022,21/11/2022,22/11/2022,22/11/2022,23/11/2022,24/11/2022,27/11/2022,,,15/12/2022,
252,RAIL OUT,HMA,HMA/1025/2022-23,STAR,TRANSWORLD-DADRI,LNLUBOM6384582,GMOU9013710,NHAVA SHEVA-NSICT,PORT KLANG WEST,X-PRESS ODYSSEY 940E,03/12/2022,20/11/2022,21/11/2022,22/11/2022,23/11/2022,24/11/2022,27/11/2022,,,15/12/2022,
253,RAIL OUT,HMA,HMA/1026/2022-23,STAR,TRANSWORLD-DADRI,LNLUBOM6384579,GMOU9013704,NHAVA SHEVA-NSICT,PORT KLANG WEST,X-PRESS ODYSSEY 940E,03/12/2022,20/11/2022,21/11/2022,22/11/2022,23/11/2022,24/11/2022,27/11/2022,,,15/12/2022,
254,RAIL OUT,HMA,HMA/1034/2022-23,STAR,TRANSWORLD-DADRI,LNLUBOM6384581,GMOU9013685,NHAVA SHEVA-NSICT,PORT KLANG WEST,X-PRESS ODYSSEY 940E,03/12/2022,21/11/2022,22/11/2022,22/11/2022,23/11/2022,24/11/2022,27/11/2022,,,15/12/2022,
255,RAIL OUT,HMA,HMA/1035/2022-23,STAR,TRANSWORLD-DADRI,LNLUBOM6384580,GMOU9012605,NHAVA SHEVA-NSICT,PASIR GUDANG,X-PRESS ODYSSEY 940E,03/12/2022,21/11/2022,22/11/2022,22/11/2022,25/11/2022,25/11/2022,27/11/2022,,,15/12/2022,
256,RAIL OUT,HMA,HMA/1036/2022-23,STAR,TRANSWORLD-DADRI,LNLUBOM6384585,GMOU9010773,NHAVA SHEVA-NSICT,PORT KLANG WEST,X-PRESS ODYSSEY 940E,03/12/2022,21/11/2022,22/11/2022,22/11/2022,23/11/2022,24/11/2022,27/11/2022,,,15/12/2022,
257,RAIL OUT,HMA,HMA/1037/2022-23,STAR,TRANSWORLD-DADRI,LNLUBOM6384583,GMOU9013073,NHAVA SHEVA-NSICT,PORT KLANG WEST,X-PRESS ODYSSEY 940E,03/12/2022,21/11/2022,22/11/2022,23/11/2022,24/11/2022,24/11/2022,27/11/2022,,,15/12/2022,
258,RAIL OUT,HMA,HMA/1039/2022-23,STAR,TRANSWORLD-DADRI,LNLUBOM6384692,GMOU9009807,NHAVA SHEVA-NSICT,PENANG,X-PRESS ODYSSEY 940E,03/12/2022,22/11/2022,23/11/2022,23/11/2022,24/11/2022,25/11/2022,27/11/2022,,,15/12/2022,
259,RAIL OUT,HMA,HMA/1039/2022-23,STAR,TRANSWORLD-DADRI,LNLUBOM6384692,GMOU9013366,NHAVA SHEVA-NSICT,PENANG,X-PRESS ODYSSEY 940E,03/12/2022,22/11/2022,23/11/2022,24/11/2022,25/11/2022,25/11/2022,27/11/2022,,,15/12/2022,
260,RAIL OUT,HMA,HMA/1043/2022-23,STAR,TRANSWORLD-DADRI,LNLUBOM6384694,GMOU9008837,NHAVA SHEVA-NSICT,PORT KLANG WEST,X-PRESS ODYSSEY 940E,03/12/2022,22/11/2022,23/11/2022,23/11/2022,24/11/2022,24/11/2022,27/11/2022,,,15/12/2022,
261,RAIL OUT,STANDARD FROZEN,SFF/138/22-23,STAR,KANPUR-PANKI,GOSUBOM6384728,GMOU9011492,NHAVA SHEVA-GTIL,SINGAPORE,X-PRESS ODYSSEY  / V – 940E,02/12/2022,21/11/2022,21/11/2022,23/11/2022,24/11/2022,24/11/2022,28/11/2022,,,12/12/2022,
262,RAIL OUT,FAIR,1111322030,WAN HAI,ICD PALWAL,INDRI22110171,WHLU7761527,MUNDRA,PHUOC LONG,WAN HAI 305,02/12/2022,23/11/2022,,,25/11/2022,25/11/2022,27/11/2022,,,12/12/2022,
263,RAIL OUT,FAIR,1111322031,WAN HAI,ICD PALWAL,INDRI22110174,WHLU7752926,MUNDRA,PHUOC LONG,WAN HAI 305,02/12/2022,23/11/2022,,,25/11/2022,25/11/2022,27/11/2022,,,12/12/2022,
264,RAIL OUT,FAIR,1111322032,WAN HAI,ICD PALWAL,INDRI22110170,WHLU7801281,MUNDRA,PHUOC LONG,WAN HAI 305,02/12/2022,23/11/2022,24/11/2022,24/11/2022,25/11/2022,25/11/2022,27/11/2022,,,12/12/2022,
265,RAIL OUT,FAIR,1111322033,WAN HAI,ICD PALWAL,INDRI22110173,WHLU7756900,MUNDRA,CAT LAI,WAN HAI 305,02/12/2022,23/11/2022,,,25/11/2022,25/11/2022,27/11/2022,,,12/12/2022,
266,RAIL OUT,INTERNATIONAL,IAF/631/2022-23,WAN HAI,TRANSWORLD-DADRI,INDRI22110176,SEGU9820843,MUNDRA,PORT KLANG WEST,JAN RITSCHER 907E,03/12/2022,24/11/2022,25/11/2022,25/11/2022,26/11/2022,26/11/2022,26/11/2022,,,15/12/2022,
267,SOB DATE IS NOT UPDATED,INDIA,IFF/EXP/23/0876,AVANA LOGISTEK LIMITED,TRANSWORLD-DADRI,106392327945552,PMLU8901376,MUNDRA,UMM AL QUWAIN,GFS GISELLE 0062,30/11/2022,23/11/2022,23/11/2022,23/11/2022,24/11/2022,24/11/2022,25/11/2022,28/11/2022,,12/12/2022,
268,SOB DATE IS NOT UPDATED,INDIA,IFF/EXP/23/0886,AVANA LOGISTEK LIMITED,TRANSWORLD-DADRI,106392326939031,TTNU8310530,MUNDRA,UMM AL QUWAIN,GFS GISELLE 0062,30/11/2022,20/11/2022,21/11/2022,23/11/2022,24/11/2022,24/11/2022,25/11/2022,28/11/2022,,12/12/2022,
269,SOB DATE IS NOT UPDATED,AL SAMEER,ASE/398/22-23,CMA,TRANSWORLD-DADRI,CAD0668795,TTNU8141683,MUNDRA,JEDDAH,BUDAPEST EXPRESS 0EHDAW1MA,29/11/2022,20/11/2022,21/11/2022,22/11/2022,22/11/2022,22/11/2022,23/11/2022,27/11/2022,,05/12/2022,
270,SOB DATE IS NOT UPDATED,ALLANASONS PRIVATE LIMITED (MAHARASHTRA),AJ9TX22230000328,CMA,DADRI-CONCOR,CAD0668354,SEGU9539034,NHAVA SHEVA-BMCT,HONG KONG,XIN HONG KONG 0KC4CE1MA,28/11/2022,20/11/2022,21/11/2022,21/11/2022,22/11/2022,22/11/2022,23/11/2022,26/11/2022,,14/12/2022,
271,SOB DATE IS NOT UPDATED,ALLANASONS PRIVATE LIMITED (MAHARASHTRA),AJ9TX22230000329,CMA,DADRI-CONCOR,CAD0668355,CGMU5265279,NHAVA SHEVA-BMCT,HONG KONG,XIN HONG KONG 0KC4CE1MA,28/11/2022,20/11/2022,21/11/2022,21/11/2022,22/11/2022,22/11/2022,23/11/2022,26/11/2022,,14/12/2022,
272,SOB DATE IS NOT UPDATED,ALLANASONS PRIVATE LIMITED (MAHARASHTRA),AJ9TX22230000331,CMA,DADRI-CONCOR,CAD0668353,TTNU8496277,NHAVA SHEVA-BMCT,HONG KONG,XIN HONG KONG 0KC4CE1MA,28/11/2022,20/11/2022,21/11/2022,21/11/2022,22/11/2022,22/11/2022,23/11/2022,26/11/2022,,14/12/2022,
273,SOB DATE IS NOT UPDATED,ALLANASONS PRIVATE LIMITED (MAHARASHTRA),AJ9TX22230000332,CMA,DADRI-CONCOR,CAD0668347,GESU9511618,NHAVA SHEVA-BMCT,HONG KONG,XIN HONG KONG 0KC4CE1MA,28/11/2022,20/11/2022,21/11/2022,21/11/2022,22/11/2022,22/11/2022,23/11/2022,26/11/2022,,14/12/2022,
274,SOB DATE IS NOT UPDATED,ALLANASONS PRIVATE LIMITED (MAHARASHTRA),AJ9TX22230000333,CMA,DADRI-CONCOR,CAD0668350,TTNU8668490,NHAVA SHEVA-BMCT,HONG KONG,XIN HONG KONG 0KC4CE1MA,28/11/2022,20/11/2022,21/11/2022,21/11/2022,22/11/2022,22/11/2022,23/11/2022,26/11/2022,,14/12/2022,
275,SOB DATE IS NOT UPDATED,ALLANASONS PRIVATE LIMITED (MAHARASHTRA),AJ9TX22230000335,CMA,DADRI-CONCOR,CAD0668351,CGMU5184670,NHAVA SHEVA-GTIL,HONG KONG,AKA BHUM 0FB7AE1MA,01/12/2022,21/11/2022,22/11/2022,22/11/2022,23/11/2022,23/11/2022,25/11/2022,28/11/2022,,17/12/2022,
276,SOB DATE IS NOT UPDATED,ALLANASONS PRIVATE LIMITED (MAHARASHTRA),AJ9TX22230000336,CMA,DADRI-CONCOR,CAD0668805,CGMU5315826,NHAVA SHEVA-GTIL,HONG KONG,AKA BHUM 0FB7AE1MA,01/12/2022,21/11/2022,22/11/2022,22/11/2022,23/11/2022,23/11/2022,25/11/2022,28/11/2022,,17/12/2022,
277,SOB DATE IS NOT UPDATED,ALLANASONS PRIVATE LIMITED (MAHARASHTRA),AJ9TX22230000337,CMA,DADRI-CONCOR,CAD0668798,SEGU9541983,NHAVA SHEVA-GTIL,HONG KONG,AKA BHUM 0FB7AE1MA,01/12/2022,21/11/2022,22/11/2022,22/11/2022,23/11/2022,23/11/2022,25/11/2022,28/11/2022,,17/12/2022,
278,SOB DATE IS NOT UPDATED,ALLANASONS PRIVATE LIMITED (MAHARASHTRA),AJ9TX22230000338,CMA,DADRI-CONCOR,CAD0668791,CGMU5334322,NHAVA SHEVA-GTIL,HONG KONG,AKA BHUM 0FB7AE1MA,01/12/2022,21/11/2022,22/11/2022,22/11/2022,23/11/2022,23/11/2022,25/11/2022,28/11/2022,,17/12/2022,
279,SOB DATE IS NOT UPDATED,ALLANASONS PRIVATE LIMITED (MAHARASHTRA),AJ9TX22230000339,CMA,DADRI-CONCOR,CAD0668352,CGMU5136348,NHAVA SHEVA-GTIL,HONG KONG,AKA BHUM 0FB7AE1MA,01/12/2022,21/11/2022,22/11/2022,22/11/2022,23/11/2022,23/11/2022,25/11/2022,28/11/2022,,17/12/2022,
280,SOB DATE IS NOT UPDATED,ALLANASONS PRIVATE LIMITED (MAHARASHTRA),AJ9TX22230000342,CMA,DADRI-CONCOR,CAD0668792,CGMU5314687,NHAVA SHEVA-GTIL,HONG KONG,AKA BHUM 0FB7AE1MA,01/12/2022,21/11/2022,22/11/2022,22/11/2022,23/11/2022,23/11/2022,25/11/2022,28/11/2022,,17/12/2022,
281,SOB DATE IS NOT UPDATED,ALLANASONS PRIVATE LIMITED (MAHARASHTRA),AJ9TX22230000343,CMA,DADRI-CONCOR,CAD0668349,SEGU9544088,NHAVA SHEVA-GTIL,HONG KONG,AKA BHUM 0FB7AE1MA,01/12/2022,21/11/2022,22/11/2022,22/11/2022,23/11/2022,23/11/2022,25/11/2022,28/11/2022,,17/12/2022,
282,SOB DATE IS NOT UPDATED,ALLANASONS PRIVATE LIMITED (MAHARASHTRA),AJ9TX22230000344,CMA,DADRI-CONCOR,CAD0668793,CGMU5184834,NHAVA SHEVA-GTIL,HONG KONG,AKA BHUM 0FB7AE1MA,01/12/2022,21/11/2022,22/11/2022,22/11/2022,23/11/2022,23/11/2022,25/11/2022,28/11/2022,,17/12/2022,
283,SOB DATE IS NOT UPDATED,ALM FOOD,AFPEX/22-23/F335,CMA,TRANSWORLD-DADRI,CAD0668348,CGMU5395251,PIPAVAV,PORT KLANG WEST,AKA BHUM 0FB7AE1MA,02/12/2022,20/11/2022,21/11/2022,24/11/2022,25/11/2022,25/11/2022,25/11/2022,27/11/2022,,10/12/2022,
284,SOB DATE IS NOT UPDATED,FAIR,1111230930,CMA,TRANSWORLD-DADRI,CAD0668794,CGMU5537314,PIPAVAV,SIHANOUKVILLE,AKA BHUM 0FB7AE1MA,02/12/2022,21/11/2022,22/11/2022,24/11/2022,25/11/2022,25/11/2022,25/11/2022,27/11/2022,,16/12/2022,
285,SOB DATE IS NOT UPDATED,FAIR,1111322022,GOODRICH,TRANSWORLD-DADRI,BALDEL2200404,MORU0404334,MUNDRA,BANDAR ABBAS,BERTIE 2E,01/12/2022,21/11/2022,,,23/11/2022,23/11/2022,24/11/2022,27/11/2022,,10/12/2022,
286,SOB DATE IS NOT UPDATED,FAIR,1111322022,GOODRICH,TRANSWORLD-DADRI,BALDEL2200404,TRIU8969538,MUNDRA,BANDAR ABBAS,BERTIE 2E,01/12/2022,21/11/2022,,,23/11/2022,23/11/2022,24/11/2022,27/11/2022,,10/12/2022,
287,SOB DATE IS NOT UPDATED,AL-AALI,AAEPL/256/22-23,MAERSK,TRANSWORLD-DADRI,914684318,MNBU9009002,NHAVA SHEVA-NSICT,UMM QASR NORTH,MAERSK INCHEON 248W,01/12/2022,20/11/2022,21/11/2022,22/11/2022,23/11/2022,23/11/2022,25/11/2022,28/11/2022,,09/12/2022,
288,SOB DATE IS NOT UPDATED,AL-AALI,AAEPL/258/22-23,MAERSK,TRANSWORLD-DADRI,914681758,MNBU0269760,NHAVA SHEVA-NSICT,UMM QASR NORTH,MAERSK INCHEON 248W,01/12/2022,22/11/2022,23/11/2022,23/11/2022,24/11/2022,24/11/2022,25/11/2022,28/11/2022,,09/12/2022,
289,SOB DATE IS NOT UPDATED,AL-NASIR,ANE/EXP398/22-23,MAERSK,TRANSWORLD-DADRI,914688470,MNBU9105921,NHAVA SHEVA-NSICT,UMM QASR NORTH,MAERSK INCHEON 248W,01/12/2022,21/11/2022,22/11/2022,23/11/2022,24/11/2022,24/11/2022,25/11/2022,28/11/2022,,09/12/2022,
290,SOB DATE IS NOT UPDATED,AL-NASIR,ANE/EXP398/22-23,MAERSK,TRANSWORLD-DADRI,914688470,SUDU6195594,NHAVA SHEVA-NSICT,UMM QASR NORTH,MAERSK INCHEON 248W,01/12/2022,21/11/2022,22/11/2022,23/11/2022,24/11/2022,24/11/2022,25/11/2022,28/11/2022,,09/12/2022,
291,SOB DATE IS NOT UPDATED,AL-NASIR,ANE/EXP399/22-23,MAERSK,TRANSWORLD-DADRI,914691211,MNBU0014878,NHAVA SHEVA-NSICT,UMM QASR NORTH,MAERSK INCHEON 248W,01/12/2022,21/11/2022,22/11/2022,23/11/2022,24/11/2022,24/11/2022,25/11/2022,28/11/2022,,09/12/2022,
292,SOB DATE IS NOT UPDATED,INDIA,IFF/EXP/23/0871,MAERSK,TRANSWORLD-DADRI,914693747,MNBU0348350,NHAVA SHEVA-NSICT,UMM QASR NORTH,MAERSK INCHEON 248W,01/12/2022,21/11/2022,22/11/2022,22/11/2022,23/11/2022,23/11/2022,25/11/2022,28/11/2022,,09/12/2022,
293,SOB DATE IS NOT UPDATED,INDIA,IFF/EXP/23/0887,MAERSK,TRANSWORLD-DADRI,914691213,MWCU6853006,NHAVA SHEVA-NSICT,UMM QASR NORTH,MAERSK INCHEON 248W,01/12/2022,22/11/2022,23/11/2022,23/11/2022,24/11/2022,24/11/2022,25/11/2022,28/11/2022,,09/12/2022,
294,SOB DATE IS NOT UPDATED,MASH,MAFL/B/786/1232,MAERSK,KANPUR-JRY,914686821,MWCU5315095,NHAVA SHEVA-BMCT,ALEXANDRIA,CSAV TRAIGUEN-247W,02/12/2022,20/11/2022,21/11/2022,22/11/2022,23/11/2022,23/11/2022,24/11/2022,28/11/2022,,20/12/2022,
295,SOB DATE IS NOT UPDATED,MASH,MAFL/B/786/1232,MAERSK,KANPUR-JRY,914686821,MWMU6417091,NHAVA SHEVA-BMCT,ALEXANDRIA,CSAV TRAIGUEN-247W,02/12/2022,20/11/2022,,,22/11/2022,23/11/2022,24/11/2022,28/11/2022,,20/12/2022,
296,SOB DATE IS NOT UPDATED,MIRHA,MEPL/P0823/22-23,MAERSK,TRANSWORLD-DADRI,914691215,MNBU3052589,NHAVA SHEVA-NSICT,UMM QASR NORTH,MAERSK INCHEON 248W,01/12/2022,21/11/2022,22/11/2022,23/11/2022,24/11/2022,24/11/2022,25/11/2022,28/11/2022,,09/12/2022,
297,SOB DATE IS NOT UPDATED,INDIA,IFF/EXP/23/0871,MSC,TRANSWORLD-DADRI,EBKG04447688-1,GESU9596657,MUNDRA,POTI,HERMANN SCHULTE IX247A,04/12/2022,21/11/2022,22/11/2022,22/11/2022,23/11/2022,23/11/2022,24/11/2022,27/11/2022,,30/12/2022,
298,SOB DATE IS NOT UPDATED,INDIA,IFF/EXP/23/0884,MSC,TRANSWORLD-DADRI,EBKG04456885-1,MSCU7316614,MUNDRA,POTI,HERMANN SCHULTE IX247A,05/12/2022,21/11/2022,22/11/2022,23/11/2022,24/11/2022,24/11/2022,25/11/2022,28/11/2022,,30/12/2022,
299,SOB DATE IS NOT UPDATED,HMA,HMA/1028/2022-23,STAR,TRANSWORLD-DADRI,LNLUBOM6384577,GMOU9019560,NHAVA SHEVA-BMCT,PORT KLANG WEST,SINAR BANKA 448E,30/11/2022,20/11/2022,21/11/2022,21/11/2022,23/11/2022,23/11/2022,24/11/2022,27/11/2022,,10/12/2022,
300,SOB DATE IS NOT UPDATED,HMA,HMA/1029/2022-23,STAR,TRANSWORLD-DADRI,LNLUBOM6384578,GMOU9013514,NHAVA SHEVA-BMCT,PORT KLANG WEST,SINAR BANKA 448E,30/11/2022,20/11/2022,21/11/2022,21/11/2022,23/11/2022,23/11/2022,24/11/2022,27/11/2022,,10/12/2022,
