sr,TerminalName,FromDate,ToDate,ServiceName,CustomerType,CustomerName,Remarks,CustomerTypeTable,CustomerNameTable,LineName,ContSize,ContType,ContStatus,DocType,FromLocation,ToLocation,HandoverLocation,POL,POD,Commodity,FromRange,ToRange,RateMethod,BaseRate,Currency,Enable/Disable,DiscountType,Discount,Rate
1,TRANSWORLD-DADRI,16/01/2023,31/01/2023,Ocean Freight Charges,E,INTERNATIONAL AGRO FOODS,OK,C,ALL,TRANSWORLD GROUP,40,RF,L,E,ALL,ALL,ALL,ALL,BANGKOK-BMT,ALL,0,99999,SOB,3000,USD,ENABLE,None,0,0
2,TRANSWORLD-DADRI,16/01/2023,31/01/2023,Ocean Freight Charges,E,INTERNATIONAL AGRO FOODS,OK,C,ALL,TRANSWORLD GROUP,40,RF,L,E,ALL,ALL,ALL,ALL,BANGKOK-PAT,ALL,0,99999,SOB,3200,USD,ENABLE,None,0,0
3,TRANSWORLD-DADRI,16/01/2023,31/01/2023,Ocean Freight Charges,E,INTERNATIONAL AGRO FOODS,OK,C,ALL,TRANSWORLD GROUP,40,RF,L,E,ALL,ALL,ALL,ALL,CAT LAI,ALL,0,99999,SOB,2500,USD,ENABLE,None,0,0
4,TRANSWORLD-DADRI,16/01/2023,31/01/2023,Ocean Freight Charges,E,INTERNATIONAL AGRO FOODS,OK,C,ALL,TRANSWORLD GROUP,40,RF,L,E,ALL,ALL,ALL,ALL,CHATTOGRAM,ALL,0,99999,SOB,3400,USD,ENABLE,None,0,0
5,TRANSWORLD-DADRI,16/01/2023,31/01/2023,Ocean Freight Charges,E,INTERNATIONAL AGRO FOODS,OK,C,ALL,TRANSWORLD GROUP,40,RF,L,E,ALL,ALL,ALL,ALL,HAIPHONG,ALL,0,99999,SOB,2500,USD,ENABLE,None,0,0
6,TRANSWORLD-DADRI,16/01/2023,31/01/2023,Ocean Freight Charges,E,INTERNATIONAL AGRO FOODS,OK,C,ALL,TRANSWORLD GROUP,40,RF,L,E,ALL,ALL,ALL,ALL,JEBEL ALI,ALL,0,99999,SOB,2000,USD,ENABLE,None,0,0
7,TRANSWORLD-DADRI,16/01/2023,31/01/2023,Ocean Freight Charges,E,INTERNATIONAL AGRO FOODS,OK,C,ALL,TRANSWORLD GROUP,40,RF,L,E,ALL,ALL,ALL,ALL,LAEM CHABANG,ALL,0,99999,SOB,3200,USD,ENABLE,None,0,0
8,TRANSWORLD-DADRI,16/01/2023,31/01/2023,Ocean Freight Charges,E,INTERNATIONAL AGRO FOODS,OK,C,ALL,TRANSWORLD GROUP,40,RF,L,E,ALL,ALL,ALL,ALL,PHUOC LONG,ALL,0,99999,SOB,2800,USD,ENABLE,None,0,0
9,TRANSWORLD-DADRI,16/01/2023,31/01/2023,Ocean Freight Charges,E,INTERNATIONAL AGRO FOODS,OK,C,ALL,TRANSWORLD GROUP,40,RF,L,E,ALL,ALL,ALL,ALL,PASIR GUDANG,ALL,0,99999,SOB,1850,USD,ENABLE,None,0,0
10,TRANSWORLD-DADRI,16/01/2023,31/01/2023,Ocean Freight Charges,E,INTERNATIONAL AGRO FOODS,OK,C,ALL,TRANSWORLD GROUP,40,RF,L,E,ALL,ALL,ALL,ALL,PENANG ,ALL,0,99999,SOB,1850,USD,ENABLE,None,0,0
11,TRANSWORLD-DADRI,16/01/2023,31/01/2023,Ocean Freight Charges,E,INTERNATIONAL AGRO FOODS,OK,C,ALL,TRANSWORLD GROUP,40,RF,L,E,ALL,ALL,ALL,ALL,PORT KLANG WEST,ALL,0,99999,SOB,1750,USD,ENABLE,None,0,0
12,TRANSWORLD-DADRI,16/01/2023,31/01/2023,Ocean Freight Charges,E,INTERNATIONAL AGRO FOODS,OK,C,ALL,CMA CGM GROUP,40,RF,L,E,ALL,ALL,ALL,ALL,ABU DHABI,ALL,0,99999,SOB,2400,USD,ENABLE,None,0,0
13,TRANSWORLD-DADRI,16/01/2023,31/01/2023,Ocean Freight Charges,E,INTERNATIONAL AGRO FOODS,OK,C,ALL,CMA CGM GROUP,40,RF,L,E,ALL,ALL,ALL,ALL,ALEXANDRIA,ALL,0,99999,SOB,3600,USD,ENABLE,None,0,0
14,TRANSWORLD-DADRI,16/01/2023,31/01/2023,Ocean Freight Charges,E,INTERNATIONAL AGRO FOODS,OK,C,ALL,CMA CGM GROUP,40,RF,L,E,ALL,ALL,ALL,ALL,AQABA,ALL,0,99999,SOB,2500,USD,ENABLE,None,0,0
15,TRANSWORLD-DADRI,16/01/2023,31/01/2023,Ocean Freight Charges,E,INTERNATIONAL AGRO FOODS,OK,C,ALL,CMA CGM GROUP,40,RF,L,E,ALL,ALL,ALL,ALL,BANGKOK-BMT,ALL,0,99999,SOB,3100,USD,ENABLE,None,0,0
16,TRANSWORLD-DADRI,16/01/2023,31/01/2023,Ocean Freight Charges,E,INTERNATIONAL AGRO FOODS,OK,C,ALL,CMA CGM GROUP,40,RF,L,E,ALL,ALL,ALL,ALL,BANGKOK-PAT,ALL,0,99999,SOB,3100,USD,ENABLE,None,0,0
17,TRANSWORLD-DADRI,16/01/2023,31/01/2023,Ocean Freight Charges,E,INTERNATIONAL AGRO FOODS,OK,C,ALL,CMA CGM GROUP,40,RF,L,E,ALL,ALL,ALL,ALL,BEIRUT,ALL,0,99999,SOB,4200,USD,ENABLE,None,0,0
18,TRANSWORLD-DADRI,16/01/2023,31/01/2023,Ocean Freight Charges,E,INTERNATIONAL AGRO FOODS,OK,C,ALL,CMA CGM GROUP,40,RF,L,E,ALL,ALL,ALL,ALL,CAT LAI,ALL,0,99999,SOB,1950,USD,ENABLE,None,0,0
19,TRANSWORLD-DADRI,16/01/2023,31/01/2023,Ocean Freight Charges,E,INTERNATIONAL AGRO FOODS,OK,C,ALL,CMA CGM GROUP,40,RF,L,E,ALL,ALL,ALL,ALL,EL DEKHEILA,ALL,0,99999,SOB,3600,USD,ENABLE,None,0,0
20,TRANSWORLD-DADRI,16/01/2023,31/01/2023,Ocean Freight Charges,E,INTERNATIONAL AGRO FOODS,OK,C,ALL,CMA CGM GROUP,40,RF,L,E,ALL,ALL,ALL,ALL,HAIPHONG,ALL,0,99999,SOB,2050,USD,ENABLE,None,0,0
21,TRANSWORLD-DADRI,16/01/2023,31/01/2023,Ocean Freight Charges,E,INTERNATIONAL AGRO FOODS,OK,C,ALL,CMA CGM GROUP,40,RF,L,E,ALL,ALL,ALL,ALL,HONG KONG,ALL,0,99999,SOB,1900,USD,ENABLE,None,0,0
22,TRANSWORLD-DADRI,16/01/2023,31/01/2023,Ocean Freight Charges,E,INTERNATIONAL AGRO FOODS,OK,C,ALL,CMA CGM GROUP,40,RF,L,E,ALL,ALL,ALL,ALL,JEBEL ALI,ALL,0,99999,SOB,1600,USD,ENABLE,None,0,0
23,TRANSWORLD-DADRI,16/01/2023,31/01/2023,Ocean Freight Charges,E,INTERNATIONAL AGRO FOODS,OK,C,ALL,CMA CGM GROUP,40,RF,L,E,ALL,ALL,ALL,ALL,JEDDAH,ALL,0,99999,SOB,2200,USD,ENABLE,None,0,0
24,TRANSWORLD-DADRI,16/01/2023,31/01/2023,Ocean Freight Charges,E,INTERNATIONAL AGRO FOODS,OK,C,ALL,CMA CGM GROUP,40,RF,L,E,ALL,ALL,ALL,ALL,KUANTAN,ALL,0,99999,SOB,3250,USD,ENABLE,None,0,0
25,TRANSWORLD-DADRI,16/01/2023,31/01/2023,Ocean Freight Charges,E,INTERNATIONAL AGRO FOODS,OK,C,ALL,CMA CGM GROUP,40,RF,L,E,ALL,ALL,ALL,ALL,LAEM CHABANG,ALL,0,99999,SOB,2400,USD,ENABLE,None,0,0
26,TRANSWORLD-DADRI,16/01/2023,31/01/2023,Ocean Freight Charges,E,INTERNATIONAL AGRO FOODS,OK,C,ALL,CMA CGM GROUP,40,RF,L,E,ALL,ALL,ALL,ALL,MISURATAH,ALL,0,99999,SOB,8200,USD,ENABLE,None,0,0
27,TRANSWORLD-DADRI,16/01/2023,31/01/2023,Ocean Freight Charges,E,INTERNATIONAL AGRO FOODS,OK,C,ALL,CMA CGM GROUP,40,RF,L,E,ALL,ALL,ALL,ALL,PASIR GUDANG,ALL,0,99999,SOB,1850,USD,ENABLE,None,0,0
28,TRANSWORLD-DADRI,16/01/2023,31/01/2023,Ocean Freight Charges,E,INTERNATIONAL AGRO FOODS,OK,C,ALL,CMA CGM GROUP,40,RF,L,E,ALL,ALL,ALL,ALL,PENANG ,ALL,0,99999,SOB,1950,USD,ENABLE,None,0,0
29,TRANSWORLD-DADRI,16/01/2023,31/01/2023,Ocean Freight Charges,E,INTERNATIONAL AGRO FOODS,OK,C,ALL,CMA CGM GROUP,40,RF,L,E,ALL,ALL,ALL,ALL,PHUOC LONG,ALL,0,99999,SOB,2200,USD,ENABLE,None,0,0
30,TRANSWORLD-DADRI,16/01/2023,31/01/2023,Ocean Freight Charges,E,INTERNATIONAL AGRO FOODS,OK,C,ALL,CMA CGM GROUP,40,RF,L,E,ALL,ALL,ALL,ALL,POINTE NOIRE,ALL,0,99999,SOB,7000,USD,ENABLE,None,0,0
31,TRANSWORLD-DADRI,16/01/2023,31/01/2023,Ocean Freight Charges,E,INTERNATIONAL AGRO FOODS,OK,C,ALL,CMA CGM GROUP,40,RF,L,E,ALL,ALL,ALL,ALL,PORT KLANG WEST,ALL,0,99999,SOB,1600,USD,ENABLE,None,0,0
32,TRANSWORLD-DADRI,16/01/2023,31/01/2023,Ocean Freight Charges,E,INTERNATIONAL AGRO FOODS,OK,C,ALL,CMA CGM GROUP,40,RF,L,E,ALL,ALL,ALL,ALL,PORT SAID WEST,ALL,0,99999,SOB,3600,USD,ENABLE,None,0,0
33,TRANSWORLD-DADRI,16/01/2023,31/01/2023,Ocean Freight Charges,E,INTERNATIONAL AGRO FOODS,OK,C,ALL,CMA CGM GROUP,40,RF,L,E,ALL,ALL,ALL,ALL,POTI,ALL,0,99999,SOB,3800,USD,ENABLE,None,0,0
34,TRANSWORLD-DADRI,16/01/2023,31/01/2023,Ocean Freight Charges,E,INTERNATIONAL AGRO FOODS,OK,C,ALL,CMA CGM GROUP,40,RF,L,E,ALL,ALL,ALL,ALL,SHARJAH,ALL,0,99999,SOB,1950,USD,ENABLE,None,0,0
35,TRANSWORLD-DADRI,16/01/2023,31/01/2023,Ocean Freight Charges,E,INTERNATIONAL AGRO FOODS,OK,C,ALL,CMA CGM GROUP,40,RF,L,E,ALL,ALL,ALL,ALL,SHUWAIKH,ALL,0,99999,SOB,2600,USD,ENABLE,None,0,0
36,TRANSWORLD-DADRI,16/01/2023,31/01/2023,Ocean Freight Charges,E,INTERNATIONAL AGRO FOODS,OK,C,ALL,CMA CGM GROUP,40,RF,L,E,ALL,ALL,ALL,ALL,SIHANOUKVILLE,ALL,0,99999,SOB,2900,USD,ENABLE,None,0,0
37,TRANSWORLD-DADRI,16/01/2023,31/01/2023,Ocean Freight Charges,E,INTERNATIONAL AGRO FOODS,OK,C,ALL,CMA CGM GROUP,40,RF,L,E,ALL,ALL,ALL,ALL,SOHAR,ALL,0,99999,SOB,2600,USD,ENABLE,None,0,0
38,TRANSWORLD-DADRI,16/01/2023,31/01/2023,Ocean Freight Charges,E,INTERNATIONAL AGRO FOODS,OK,C,ALL,CMA CGM GROUP,40,RF,L,E,ALL,ALL,ALL,ALL,TANJUNG PRIOK JAKARTA,ALL,0,99999,SOB,2400,USD,ENABLE,None,0,0
39,TRANSWORLD-DADRI,16/01/2023,31/01/2023,Ocean Freight Charges,E,INTERNATIONAL AGRO FOODS,OK,C,ALL,CMA CGM GROUP,40,RF,L,E,ALL,ALL,ALL,ALL,UMM QASR NORTH,ALL,0,99999,SOB,2600,USD,ENABLE,None,0,0
40,TRANSWORLD-DADRI,16/01/2023,31/01/2023,Ocean Freight Charges,E,INTERNATIONAL AGRO FOODS,OK,C,ALL,EVERGREEN GROUP ,40,RF,L,E,ALL,ALL,ALL,ALL,CAT LAI,ALL,0,99999,SOB,1700,USD,ENABLE,None,0,0
41,TRANSWORLD-DADRI,16/01/2023,31/01/2023,Ocean Freight Charges,E,INTERNATIONAL AGRO FOODS,OK,C,ALL,EVERGREEN GROUP ,40,RF,L,E,ALL,ALL,ALL,ALL,HAIPHONG,ALL,0,99999,SOB,1750,USD,ENABLE,None,0,0
42,TRANSWORLD-DADRI,16/01/2023,31/01/2023,Ocean Freight Charges,E,INTERNATIONAL AGRO FOODS,OK,C,ALL,EVERGREEN GROUP ,40,RF,L,E,ALL,ALL,ALL,ALL,HONG KONG,ALL,0,99999,SOB,1600,USD,ENABLE,None,0,0
43,TRANSWORLD-DADRI,16/01/2023,31/01/2023,Ocean Freight Charges,E,INTERNATIONAL AGRO FOODS,OK,C,ALL,EVERGREEN GROUP ,40,RF,L,E,ALL,ALL,ALL,ALL,KUANTAN,ALL,0,99999,SOB,2650,USD,ENABLE,None,0,0
44,TRANSWORLD-DADRI,16/01/2023,31/01/2023,Ocean Freight Charges,E,INTERNATIONAL AGRO FOODS,OK,C,ALL,EVERGREEN GROUP ,40,RF,L,E,ALL,ALL,ALL,ALL,PASIR GUDANG,ALL,0,99999,SOB,1700,USD,ENABLE,None,0,0
45,TRANSWORLD-DADRI,16/01/2023,31/01/2023,Ocean Freight Charges,E,INTERNATIONAL AGRO FOODS,OK,C,ALL,EVERGREEN GROUP ,40,RF,L,E,ALL,ALL,ALL,ALL,PENANG ,ALL,0,99999,SOB,1700,USD,ENABLE,None,0,0
46,TRANSWORLD-DADRI,16/01/2023,31/01/2023,Ocean Freight Charges,E,INTERNATIONAL AGRO FOODS,OK,C,ALL,EVERGREEN GROUP ,40,RF,L,E,ALL,ALL,ALL,ALL,PHUOC LONG,ALL,0,99999,SOB,1950,USD,ENABLE,None,0,0
47,TRANSWORLD-DADRI,16/01/2023,31/01/2023,Ocean Freight Charges,E,INTERNATIONAL AGRO FOODS,OK,C,ALL,EVERGREEN GROUP ,40,RF,L,E,ALL,ALL,ALL,ALL,PORT KLANG WEST,ALL,0,99999,SOB,1400,USD,ENABLE,None,0,0
48,TRANSWORLD-DADRI,16/01/2023,31/01/2023,Ocean Freight Charges,E,INTERNATIONAL AGRO FOODS,OK,C,ALL,EVERGREEN GROUP ,40,RF,L,E,ALL,ALL,ALL,ALL,TANJUNG PRIOK JAKARTA,ALL,0,99999,SOB,1900,USD,ENABLE,None,0,0
49,TRANSWORLD-DADRI,16/01/2023,31/01/2023,Ocean Freight Charges,E,INTERNATIONAL AGRO FOODS,OK,C,ALL,GOODRICH GROUP,40,RF,L,E,ALL,ALL,ALL,ALL,BAHRAIN,ALL,0,99999,SOB,1800,USD,ENABLE,None,0,0
50,TRANSWORLD-DADRI,16/01/2023,31/01/2023,Ocean Freight Charges,E,INTERNATIONAL AGRO FOODS,OK,C,ALL,GOODRICH GROUP,40,RF,L,E,ALL,ALL,ALL,ALL,CHATTOGRAM,ALL,0,99999,SOB,2600,USD,ENABLE,None,0,0
51,TRANSWORLD-DADRI,16/01/2023,31/01/2023,Ocean Freight Charges,E,INTERNATIONAL AGRO FOODS,OK,C,ALL,GOODRICH GROUP,40,RF,L,E,ALL,ALL,ALL,ALL,DAMMAM,ALL,0,99999,SOB,1900,USD,ENABLE,None,0,0
52,TRANSWORLD-DADRI,16/01/2023,31/01/2023,Ocean Freight Charges,E,INTERNATIONAL AGRO FOODS,OK,C,ALL,GOODRICH GROUP,40,RF,L,E,ALL,ALL,ALL,ALL,HAMAD,ALL,0,99999,SOB,1800,USD,ENABLE,None,0,0
53,TRANSWORLD-DADRI,16/01/2023,31/01/2023,Ocean Freight Charges,E,INTERNATIONAL AGRO FOODS,OK,C,ALL,GOODRICH GROUP,40,RF,L,E,ALL,ALL,ALL,ALL,JEBEL ALI,ALL,0,99999,SOB,1300,USD,ENABLE,None,0,0
54,TRANSWORLD-DADRI,16/01/2023,31/01/2023,Ocean Freight Charges,E,INTERNATIONAL AGRO FOODS,OK,C,ALL,GOODRICH GROUP,40,RF,L,E,ALL,ALL,ALL,ALL,MALE,ALL,0,99999,SOB,3600,USD,ENABLE,None,0,0
55,TRANSWORLD-DADRI,16/01/2023,31/01/2023,Ocean Freight Charges,E,INTERNATIONAL AGRO FOODS,OK,C,ALL,GOODRICH GROUP,40,RF,L,E,ALL,ALL,ALL,ALL,SHARJAH,ALL,0,99999,SOB,1800,USD,ENABLE,None,0,0
56,TRANSWORLD-DADRI,16/01/2023,31/01/2023,Ocean Freight Charges,E,INTERNATIONAL AGRO FOODS,OK,C,ALL,GOODRICH GROUP,40,RF,L,E,ALL,ALL,ALL,ALL,SOHAR,ALL,0,99999,SOB,1700,USD,ENABLE,None,0,0
57,TRANSWORLD-DADRI,16/01/2023,31/01/2023,Ocean Freight Charges,E,INTERNATIONAL AGRO FOODS,OK,C,ALL,GOODRICH GROUP,40,RF,L,E,ALL,ALL,ALL,ALL,UMM QASR NORTH,ALL,0,99999,SOB,1900,USD,ENABLE,None,0,0
58,TRANSWORLD-DADRI,16/01/2023,31/01/2023,Ocean Freight Charges,E,INTERNATIONAL AGRO FOODS,OK,C,ALL,HAPAG GROUP,40,RF,L,E,ALL,ALL,ALL,ALL,ALEXANDRIA,ALL,0,99999,SOB,3050,USD,ENABLE,None,0,0
59,TRANSWORLD-DADRI,16/01/2023,31/01/2023,Ocean Freight Charges,E,INTERNATIONAL AGRO FOODS,OK,C,ALL,HAPAG GROUP,40,RF,L,E,ALL,ALL,ALL,ALL,AQABA,ALL,0,99999,SOB,2300,USD,ENABLE,None,0,0
60,TRANSWORLD-DADRI,16/01/2023,31/01/2023,Ocean Freight Charges,E,INTERNATIONAL AGRO FOODS,OK,C,ALL,HAPAG GROUP,40,RF,L,E,ALL,ALL,ALL,ALL,CAT LAI,ALL,0,99999,SOB,2200,USD,ENABLE,None,0,0
61,TRANSWORLD-DADRI,16/01/2023,31/01/2023,Ocean Freight Charges,E,INTERNATIONAL AGRO FOODS,OK,C,ALL,HAPAG GROUP,40,RF,L,E,ALL,ALL,ALL,ALL,DAMMAM,ALL,0,99999,SOB,2250,USD,ENABLE,None,0,0
62,TRANSWORLD-DADRI,16/01/2023,31/01/2023,Ocean Freight Charges,E,INTERNATIONAL AGRO FOODS,OK,C,ALL,HAPAG GROUP,40,RF,L,E,ALL,ALL,ALL,ALL,HAIPHONG,ALL,0,99999,SOB,1900,USD,ENABLE,None,0,0
63,TRANSWORLD-DADRI,16/01/2023,31/01/2023,Ocean Freight Charges,E,INTERNATIONAL AGRO FOODS,OK,C,ALL,HAPAG GROUP,40,RF,L,E,ALL,ALL,ALL,ALL,HAMAD,ALL,0,99999,SOB,2000,USD,ENABLE,None,0,0
64,TRANSWORLD-DADRI,16/01/2023,31/01/2023,Ocean Freight Charges,E,INTERNATIONAL AGRO FOODS,OK,C,ALL,HAPAG GROUP,40,RF,L,E,ALL,ALL,ALL,ALL,HONG KONG,ALL,0,99999,SOB,1900,USD,ENABLE,None,0,0
65,TRANSWORLD-DADRI,16/01/2023,31/01/2023,Ocean Freight Charges,E,INTERNATIONAL AGRO FOODS,OK,C,ALL,HAPAG GROUP,40,RF,L,E,ALL,ALL,ALL,ALL,JEBEL ALI,ALL,0,99999,SOB,1400,USD,ENABLE,None,0,0
66,TRANSWORLD-DADRI,16/01/2023,31/01/2023,Ocean Freight Charges,E,INTERNATIONAL AGRO FOODS,OK,C,ALL,HAPAG GROUP,40,RF,L,E,ALL,ALL,ALL,ALL,JEDDAH,ALL,0,99999,SOB,2000,USD,ENABLE,None,0,0
67,TRANSWORLD-DADRI,16/01/2023,31/01/2023,Ocean Freight Charges,E,INTERNATIONAL AGRO FOODS,OK,C,ALL,HAPAG GROUP,40,RF,L,E,ALL,ALL,ALL,ALL,KUANTAN,ALL,0,99999,SOB,2650,USD,ENABLE,None,0,0
68,TRANSWORLD-DADRI,16/01/2023,31/01/2023,Ocean Freight Charges,E,INTERNATIONAL AGRO FOODS,OK,C,ALL,HAPAG GROUP,40,RF,L,E,ALL,ALL,ALL,ALL,LAEM CHABANG,ALL,0,99999,SOB,2000,USD,ENABLE,None,0,0
69,TRANSWORLD-DADRI,16/01/2023,31/01/2023,Ocean Freight Charges,E,INTERNATIONAL AGRO FOODS,OK,C,ALL,HAPAG GROUP,40,RF,L,E,ALL,ALL,ALL,ALL,LIBREVILLE,ALL,0,99999,SOB,6300,USD,ENABLE,None,0,0
70,TRANSWORLD-DADRI,16/01/2023,31/01/2023,Ocean Freight Charges,E,INTERNATIONAL AGRO FOODS,OK,C,ALL,HAPAG GROUP,40,RF,L,E,ALL,ALL,ALL,ALL,MATADI,ALL,0,99999,SOB,6200,USD,ENABLE,None,0,0
71,TRANSWORLD-DADRI,16/01/2023,31/01/2023,Ocean Freight Charges,E,INTERNATIONAL AGRO FOODS,OK,C,ALL,HAPAG GROUP,40,RF,L,E,ALL,ALL,ALL,ALL,PASIR GUDANG,ALL,0,99999,SOB,2250,USD,ENABLE,None,0,0
72,TRANSWORLD-DADRI,16/01/2023,31/01/2023,Ocean Freight Charges,E,INTERNATIONAL AGRO FOODS,OK,C,ALL,HAPAG GROUP,40,RF,L,E,ALL,ALL,ALL,ALL,PENANG ,ALL,0,99999,SOB,1900,USD,ENABLE,None,0,0
73,TRANSWORLD-DADRI,16/01/2023,31/01/2023,Ocean Freight Charges,E,INTERNATIONAL AGRO FOODS,OK,C,ALL,HAPAG GROUP,40,RF,L,E,ALL,ALL,ALL,ALL,POINTE NOIRE,ALL,0,99999,SOB,6700,USD,ENABLE,None,0,0
74,TRANSWORLD-DADRI,16/01/2023,31/01/2023,Ocean Freight Charges,E,INTERNATIONAL AGRO FOODS,OK,C,ALL,HAPAG GROUP,40,RF,L,E,ALL,ALL,ALL,ALL,PORT KLANG NORTH,ALL,0,99999,SOB,1550,USD,ENABLE,None,0,0
75,TRANSWORLD-DADRI,16/01/2023,31/01/2023,Ocean Freight Charges,E,INTERNATIONAL AGRO FOODS,OK,C,ALL,HAPAG GROUP,40,RF,L,E,ALL,ALL,ALL,ALL,PORT KLANG WEST,ALL,0,99999,SOB,1550,USD,ENABLE,None,0,0
76,TRANSWORLD-DADRI,16/01/2023,31/01/2023,Ocean Freight Charges,E,INTERNATIONAL AGRO FOODS,OK,C,ALL,HAPAG GROUP,40,RF,L,E,ALL,ALL,ALL,ALL,SHARJAH,ALL,0,99999,SOB,1700,USD,ENABLE,None,0,0
77,TRANSWORLD-DADRI,16/01/2023,31/01/2023,Ocean Freight Charges,E,INTERNATIONAL AGRO FOODS,OK,C,ALL,HAPAG GROUP,40,RF,L,E,ALL,ALL,ALL,ALL,SOHAR,ALL,0,99999,SOB,1900,USD,ENABLE,None,0,0
78,TRANSWORLD-DADRI,16/01/2023,31/01/2023,Ocean Freight Charges,E,INTERNATIONAL AGRO FOODS,OK,C,ALL,HAPAG GROUP,40,RF,L,E,ALL,ALL,ALL,ALL,TANJUNG PRIOK JAKARTA,ALL,0,99999,SOB,1900,USD,ENABLE,None,0,0
79,TRANSWORLD-DADRI,16/01/2023,31/01/2023,Ocean Freight Charges,E,INTERNATIONAL AGRO FOODS,OK,C,ALL,HAPAG GROUP,40,RF,L,E,ALL,ALL,ALL,ALL,UMM QASR NORTH,ALL,0,99999,SOB,2200,USD,ENABLE,None,0,0
80,TRANSWORLD-DADRI,16/01/2023,31/01/2023,Ocean Freight Charges,E,INTERNATIONAL AGRO FOODS,OK,C,ALL,KMTC(INDIA) PVT.LTD.,40,RF,L,E,ALL,ALL,ALL,ALL,BANGKOK-PAT,ALL,0,99999,SOB,2900,USD,ENABLE,None,0,0
81,TRANSWORLD-DADRI,16/01/2023,31/01/2023,Ocean Freight Charges,E,INTERNATIONAL AGRO FOODS,OK,C,ALL,KMTC(INDIA) PVT.LTD.,40,RF,L,E,ALL,ALL,ALL,ALL,HAIPHONG,ALL,0,99999,SOB,2700,USD,ENABLE,None,0,0
82,TRANSWORLD-DADRI,16/01/2023,31/01/2023,Ocean Freight Charges,E,INTERNATIONAL AGRO FOODS,OK,C,ALL,KMTC(INDIA) PVT.LTD.,40,RF,L,E,ALL,ALL,ALL,ALL,CAT LAI,ALL,0,99999,SOB,2700,USD,ENABLE,None,0,0
83,TRANSWORLD-DADRI,16/01/2023,31/01/2023,Ocean Freight Charges,E,INTERNATIONAL AGRO FOODS,OK,C,ALL,KMTC(INDIA) PVT.LTD.,40,RF,L,E,ALL,ALL,ALL,ALL,HONG KONG,ALL,0,99999,SOB,2500,USD,ENABLE,None,0,0
84,TRANSWORLD-DADRI,16/01/2023,31/01/2023,Ocean Freight Charges,E,INTERNATIONAL AGRO FOODS,OK,C,ALL,KMTC(INDIA) PVT.LTD.,40,RF,L,E,ALL,ALL,ALL,ALL,TANJUNG PRIOK JAKARTA,ALL,0,99999,SOB,2600,USD,ENABLE,None,0,0
85,TRANSWORLD-DADRI,16/01/2023,31/01/2023,Ocean Freight Charges,E,INTERNATIONAL AGRO FOODS,OK,C,ALL,KMTC(INDIA) PVT.LTD.,40,RF,L,E,ALL,ALL,ALL,ALL,PASIR GUDANG,ALL,0,99999,SOB,2500,USD,ENABLE,None,0,0
86,TRANSWORLD-DADRI,16/01/2023,31/01/2023,Ocean Freight Charges,E,INTERNATIONAL AGRO FOODS,OK,C,ALL,KMTC(INDIA) PVT.LTD.,40,RF,L,E,ALL,ALL,ALL,ALL,PENANG ,ALL,0,99999,SOB,2500,USD,ENABLE,None,0,0
87,TRANSWORLD-DADRI,16/01/2023,31/01/2023,Ocean Freight Charges,E,INTERNATIONAL AGRO FOODS,OK,C,ALL,KMTC(INDIA) PVT.LTD.,40,RF,L,E,ALL,ALL,ALL,ALL,PORT KLANG WEST,ALL,0,99999,SOB,1800,USD,ENABLE,None,0,0
88,TRANSWORLD-DADRI,16/01/2023,31/01/2023,Ocean Freight Charges,E,INTERNATIONAL AGRO FOODS,OK,C,ALL,KMTC(INDIA) PVT.LTD.,40,RF,L,E,ALL,ALL,ALL,ALL,PORT KLANG NORTH,ALL,0,99999,SOB,1800,USD,ENABLE,None,0,0
89,TRANSWORLD-DADRI,16/01/2023,31/01/2023,Ocean Freight Charges,E,INTERNATIONAL AGRO FOODS,OK,C,ALL,MAERSK GROUP,40,RF,L,E,ALL,ALL,ALL,ALL,ALEXANDRIA,ALL,0,99999,SOB,3000,USD,ENABLE,None,0,0
90,TRANSWORLD-DADRI,16/01/2023,31/01/2023,Ocean Freight Charges,E,INTERNATIONAL AGRO FOODS,OK,C,ALL,MAERSK GROUP,40,RF,L,E,ALL,ALL,ALL,ALL,AQABA,ALL,0,99999,SOB,2700,USD,ENABLE,None,0,0
91,TRANSWORLD-DADRI,16/01/2023,31/01/2023,Ocean Freight Charges,E,INTERNATIONAL AGRO FOODS,OK,C,ALL,MAERSK GROUP,40,RF,L,E,ALL,ALL,ALL,ALL,BAHRAIN,ALL,0,99999,SOB,1850,USD,ENABLE,None,0,0
92,TRANSWORLD-DADRI,16/01/2023,31/01/2023,Ocean Freight Charges,E,INTERNATIONAL AGRO FOODS,OK,C,ALL,MAERSK GROUP,40,RF,L,E,ALL,ALL,ALL,ALL,BEIRUT,ALL,0,99999,SOB,4200,USD,ENABLE,None,0,0
93,TRANSWORLD-DADRI,16/01/2023,31/01/2023,Ocean Freight Charges,E,INTERNATIONAL AGRO FOODS,OK,C,ALL,MAERSK GROUP,40,RF,L,E,ALL,ALL,ALL,ALL,DAMMAM,ALL,0,99999,SOB,2000,USD,ENABLE,None,0,0
94,TRANSWORLD-DADRI,16/01/2023,31/01/2023,Ocean Freight Charges,E,INTERNATIONAL AGRO FOODS,OK,C,ALL,MAERSK GROUP,40,RF,L,E,ALL,ALL,ALL,ALL,HAMAD,ALL,0,99999,SOB,2000,USD,ENABLE,None,0,0
95,TRANSWORLD-DADRI,16/01/2023,31/01/2023,Ocean Freight Charges,E,INTERNATIONAL AGRO FOODS,OK,C,ALL,MAERSK GROUP,40,RF,L,E,ALL,ALL,ALL,ALL,JEBEL ALI,ALL,0,99999,SOB,1400,USD,ENABLE,None,0,0
96,TRANSWORLD-DADRI,16/01/2023,31/01/2023,Ocean Freight Charges,E,INTERNATIONAL AGRO FOODS,OK,C,ALL,MAERSK GROUP,40,RF,L,E,ALL,ALL,ALL,ALL,JEDDAH,ALL,0,99999,SOB,2000,USD,ENABLE,None,0,0
97,TRANSWORLD-DADRI,16/01/2023,31/01/2023,Ocean Freight Charges,E,INTERNATIONAL AGRO FOODS,OK,C,ALL,MAERSK GROUP,40,RF,L,E,ALL,ALL,ALL,ALL,KUANTAN,ALL,0,99999,SOB,2400,USD,ENABLE,None,0,0
98,TRANSWORLD-DADRI,16/01/2023,31/01/2023,Ocean Freight Charges,E,INTERNATIONAL AGRO FOODS,OK,C,ALL,MAERSK GROUP,40,RF,L,E,ALL,ALL,ALL,ALL,LIBREVILLE,ALL,0,99999,SOB,7400,USD,ENABLE,None,0,0
99,TRANSWORLD-DADRI,16/01/2023,31/01/2023,Ocean Freight Charges,E,INTERNATIONAL AGRO FOODS,OK,C,ALL,MAERSK GROUP,40,RF,L,E,ALL,ALL,ALL,ALL,MALE,ALL,0,99999,SOB,4600,USD,ENABLE,None,0,0
100,TRANSWORLD-DADRI,16/01/2023,31/01/2023,Ocean Freight Charges,E,INTERNATIONAL AGRO FOODS,OK,C,ALL,MAERSK GROUP,40,RF,L,E,ALL,ALL,ALL,ALL,MATADI,ALL,0,99999,SOB,11450,USD,ENABLE,None,0,0
101,TRANSWORLD-DADRI,16/01/2023,31/01/2023,Ocean Freight Charges,E,INTERNATIONAL AGRO FOODS,OK,C,ALL,MAERSK GROUP,40,RF,L,E,ALL,ALL,ALL,ALL,MISURATAH,ALL,0,99999,SOB,4200,USD,ENABLE,None,0,0
102,TRANSWORLD-DADRI,16/01/2023,31/01/2023,Ocean Freight Charges,E,INTERNATIONAL AGRO FOODS,OK,C,ALL,MAERSK GROUP,40,RF,L,E,ALL,ALL,ALL,ALL,PENANG ,ALL,0,99999,SOB,1850,USD,ENABLE,None,0,0
103,TRANSWORLD-DADRI,16/01/2023,31/01/2023,Ocean Freight Charges,E,INTERNATIONAL AGRO FOODS,OK,C,ALL,MAERSK GROUP,40,RF,L,E,ALL,ALL,ALL,ALL,POINTE NOIRE,ALL,0,99999,SOB,8100,USD,ENABLE,None,0,0
104,TRANSWORLD-DADRI,16/01/2023,31/01/2023,Ocean Freight Charges,E,INTERNATIONAL AGRO FOODS,OK,C,ALL,MAERSK GROUP,40,RF,L,E,ALL,ALL,ALL,ALL,PORT KLANG WEST,ALL,0,99999,SOB,1800,USD,ENABLE,None,0,0
105,TRANSWORLD-DADRI,16/01/2023,31/01/2023,Ocean Freight Charges,E,INTERNATIONAL AGRO FOODS,OK,C,ALL,MAERSK GROUP,40,RF,L,E,ALL,ALL,ALL,ALL,PORT SAID WEST,ALL,0,99999,SOB,3700,USD,ENABLE,None,0,0
106,TRANSWORLD-DADRI,16/01/2023,31/01/2023,Ocean Freight Charges,E,INTERNATIONAL AGRO FOODS,OK,C,ALL,MAERSK GROUP,40,RF,L,E,ALL,ALL,ALL,ALL,RIYADH,ALL,0,99999,SOB,3400,USD,ENABLE,None,0,0
107,TRANSWORLD-DADRI,16/01/2023,31/01/2023,Ocean Freight Charges,E,INTERNATIONAL AGRO FOODS,OK,C,ALL,MAERSK GROUP,40,RF,L,E,ALL,ALL,ALL,ALL,SHARJAH,ALL,0,99999,SOB,1700,USD,ENABLE,None,0,0
108,TRANSWORLD-DADRI,16/01/2023,31/01/2023,Ocean Freight Charges,E,INTERNATIONAL AGRO FOODS,OK,C,ALL,MAERSK GROUP,40,RF,L,E,ALL,ALL,ALL,ALL,SHUWAIKH,ALL,0,99999,SOB,2100,USD,ENABLE,None,0,0
109,TRANSWORLD-DADRI,16/01/2023,31/01/2023,Ocean Freight Charges,E,INTERNATIONAL AGRO FOODS,OK,C,ALL,MAERSK GROUP,40,RF,L,E,ALL,ALL,ALL,ALL,SOHAR,ALL,0,99999,SOB,1900,USD,ENABLE,None,0,0
110,TRANSWORLD-DADRI,16/01/2023,31/01/2023,Ocean Freight Charges,E,INTERNATIONAL AGRO FOODS,OK,C,ALL,MAERSK GROUP,40,RF,L,E,ALL,ALL,ALL,ALL,TANJUNG PRIOK JAKARTA,ALL,0,99999,SOB,2100,USD,ENABLE,None,0,0
111,TRANSWORLD-DADRI,16/01/2023,31/01/2023,Ocean Freight Charges,E,INTERNATIONAL AGRO FOODS,OK,C,ALL,MAERSK GROUP,40,RF,L,E,ALL,ALL,ALL,ALL,UMM QASR NORTH,ALL,0,99999,SOB,2100,USD,ENABLE,None,0,0
112,TRANSWORLD-DADRI,16/01/2023,31/01/2023,Ocean Freight Charges,E,INTERNATIONAL AGRO FOODS,OK,C,ALL,MSC GROUP,40,RF,L,E,ALL,ALL,ALL,ALL,ABU DHABI,ALL,0,99999,SOB,1800,USD,ENABLE,None,0,0
113,TRANSWORLD-DADRI,16/01/2023,31/01/2023,Ocean Freight Charges,E,INTERNATIONAL AGRO FOODS,OK,C,ALL,MSC GROUP,40,RF,L,E,ALL,ALL,ALL,ALL,ALEXANDRIA,ALL,0,99999,SOB,3000,USD,ENABLE,None,0,0
114,TRANSWORLD-DADRI,16/01/2023,31/01/2023,Ocean Freight Charges,E,INTERNATIONAL AGRO FOODS,OK,C,ALL,MSC GROUP,40,RF,L,E,ALL,ALL,ALL,ALL,BAHRAIN,ALL,0,99999,SOB,2100,USD,ENABLE,None,0,0
115,TRANSWORLD-DADRI,16/01/2023,31/01/2023,Ocean Freight Charges,E,INTERNATIONAL AGRO FOODS,OK,C,ALL,MSC GROUP,40,RF,L,E,ALL,ALL,ALL,ALL,DAKAR,ALL,0,99999,SOB,4400,USD,ENABLE,None,0,0
116,TRANSWORLD-DADRI,16/01/2023,31/01/2023,Ocean Freight Charges,E,INTERNATIONAL AGRO FOODS,OK,C,ALL,MSC GROUP,40,RF,L,E,ALL,ALL,ALL,ALL,DAMMAM,ALL,0,99999,SOB,2100,USD,ENABLE,None,0,0
117,TRANSWORLD-DADRI,16/01/2023,31/01/2023,Ocean Freight Charges,E,INTERNATIONAL AGRO FOODS,OK,C,ALL,MSC GROUP,40,RF,L,E,ALL,ALL,ALL,ALL,EL DEKHEILA,ALL,0,99999,SOB,3500,USD,ENABLE,None,0,0
118,TRANSWORLD-DADRI,16/01/2023,31/01/2023,Ocean Freight Charges,E,INTERNATIONAL AGRO FOODS,OK,C,ALL,MSC GROUP,40,RF,L,E,ALL,ALL,ALL,ALL,JEBEL ALI,ALL,0,99999,SOB,1500,USD,ENABLE,None,0,0
119,TRANSWORLD-DADRI,16/01/2023,31/01/2023,Ocean Freight Charges,E,INTERNATIONAL AGRO FOODS,OK,C,ALL,MSC GROUP,40,RF,L,E,ALL,ALL,ALL,ALL,JEDDAH,ALL,0,99999,SOB,2000,USD,ENABLE,None,0,0
120,TRANSWORLD-DADRI,16/01/2023,31/01/2023,Ocean Freight Charges,E,INTERNATIONAL AGRO FOODS,OK,C,ALL,MSC GROUP,40,RF,L,E,ALL,ALL,ALL,ALL,MATADI,ALL,0,99999,SOB,7500,USD,ENABLE,None,0,0
121,TRANSWORLD-DADRI,16/01/2023,31/01/2023,Ocean Freight Charges,E,INTERNATIONAL AGRO FOODS,OK,C,ALL,MSC GROUP,40,RF,L,E,ALL,ALL,ALL,ALL,PORT SAID WEST,ALL,0,99999,SOB,3100,USD,ENABLE,None,0,0
122,TRANSWORLD-DADRI,16/01/2023,31/01/2023,Ocean Freight Charges,E,INTERNATIONAL AGRO FOODS,OK,C,ALL,MSC GROUP,40,RF,L,E,ALL,ALL,ALL,ALL,POTI,ALL,0,99999,SOB,3600,USD,ENABLE,None,0,0
123,TRANSWORLD-DADRI,16/01/2023,31/01/2023,Ocean Freight Charges,E,INTERNATIONAL AGRO FOODS,OK,C,ALL,MSC GROUP,40,RF,L,E,ALL,ALL,ALL,ALL,SHARJAH,ALL,0,99999,SOB,2000,USD,ENABLE,None,0,0
124,TRANSWORLD-DADRI,16/01/2023,31/01/2023,Ocean Freight Charges,E,INTERNATIONAL AGRO FOODS,OK,C,ALL,MSC GROUP,40,RF,L,E,ALL,ALL,ALL,ALL,SHUWAIKH,ALL,0,99999,SOB,2100,USD,ENABLE,None,0,0
125,TRANSWORLD-DADRI,16/01/2023,31/01/2023,Ocean Freight Charges,E,INTERNATIONAL AGRO FOODS,OK,C,ALL,MSC GROUP,40,RF,L,E,ALL,ALL,ALL,ALL,SOHAR,ALL,0,99999,SOB,1800,USD,ENABLE,None,0,0
126,TRANSWORLD-DADRI,16/01/2023,31/01/2023,Ocean Freight Charges,E,INTERNATIONAL AGRO FOODS,OK,C,ALL,WAN HAI GROUP,40,RF,L,E,ALL,ALL,ALL,ALL,CAT LAI,ALL,0,99999,SOB,1950,USD,ENABLE,None,0,0
127,TRANSWORLD-DADRI,16/01/2023,31/01/2023,Ocean Freight Charges,E,INTERNATIONAL AGRO FOODS,OK,C,ALL,WAN HAI GROUP,40,RF,L,E,ALL,ALL,ALL,ALL,HAIPHONG,ALL,0,99999,SOB,1950,USD,ENABLE,None,0,0
128,TRANSWORLD-DADRI,16/01/2023,31/01/2023,Ocean Freight Charges,E,INTERNATIONAL AGRO FOODS,OK,C,ALL,WAN HAI GROUP,40,RF,L,E,ALL,ALL,ALL,ALL,HONG KONG,ALL,0,99999,SOB,1950,USD,ENABLE,None,0,0
129,TRANSWORLD-DADRI,16/01/2023,31/01/2023,Ocean Freight Charges,E,INTERNATIONAL AGRO FOODS,OK,C,ALL,WAN HAI GROUP,40,RF,L,E,ALL,ALL,ALL,ALL,PASIR GUDANG,ALL,0,99999,SOB,1850,USD,ENABLE,None,0,0
130,TRANSWORLD-DADRI,16/01/2023,31/01/2023,Ocean Freight Charges,E,INTERNATIONAL AGRO FOODS,OK,C,ALL,WAN HAI GROUP,40,RF,L,E,ALL,ALL,ALL,ALL,PENANG ,ALL,0,99999,SOB,1850,USD,ENABLE,None,0,0
131,TRANSWORLD-DADRI,16/01/2023,31/01/2023,Ocean Freight Charges,E,INTERNATIONAL AGRO FOODS,OK,C,ALL,WAN HAI GROUP,40,RF,L,E,ALL,ALL,ALL,ALL,PHUOC LONG,ALL,0,99999,SOB,2350,USD,ENABLE,None,0,0
132,TRANSWORLD-DADRI,16/01/2023,31/01/2023,Ocean Freight Charges,E,INTERNATIONAL AGRO FOODS,OK,C,ALL,WAN HAI GROUP,40,RF,L,E,ALL,ALL,ALL,ALL,PORT KLANG NORTH,ALL,0,99999,SOB,1600,USD,ENABLE,None,0,0
133,TRANSWORLD-DADRI,16/01/2023,31/01/2023,Ocean Freight Charges,E,INTERNATIONAL AGRO FOODS,OK,C,ALL,WAN HAI GROUP,40,RF,L,E,ALL,ALL,ALL,ALL,SIHANOUKVILLE,ALL,0,99999,SOB,2800,USD,ENABLE,None,0,0
134,TRANSWORLD-DADRI,16/01/2023,31/01/2023,Ocean Freight Charges,E,INTERNATIONAL AGRO FOODS,OK,C,ALL,WAN HAI GROUP,40,RF,L,E,ALL,ALL,ALL,ALL,TANJUNG PRIOK JAKARTA,ALL,0,99999,SOB,2400,USD,ENABLE,None,0,0
135,TRANSWORLD-DADRI,16/01/2023,31/01/2023,Ocean Freight Charges,E,INTERNATIONAL AGRO FOODS,OK,C,ALL,AVANA LOGISTEK LIMITED,40,RF,L,E,ALL,ALL,ALL,ALL,CHATTOGRAM,ALL,0,99999,SOB,3200,USD,ENABLE,None,0,0
136,TRANSWORLD-DADRI,16/01/2023,31/01/2023,Ocean Freight Charges,E,INTERNATIONAL AGRO FOODS,OK,C,ALL,AVANA LOGISTEK LIMITED,40,RF,L,E,ALL,ALL,ALL,ALL,HAMAD,ALL,0,99999,SOB,2200,USD,ENABLE,None,0,0
137,TRANSWORLD-DADRI,16/01/2023,31/01/2023,Ocean Freight Charges,E,INTERNATIONAL AGRO FOODS,OK,C,ALL,AVANA LOGISTEK LIMITED,40,RF,L,E,ALL,ALL,ALL,ALL,JEBEL ALI,ALL,0,99999,SOB,1600,USD,ENABLE,None,0,0
138,TRANSWORLD-DADRI,16/01/2023,31/01/2023,Ocean Freight Charges,E,INTERNATIONAL AGRO FOODS,OK,C,ALL,AVANA LOGISTEK LIMITED,40,RF,L,E,ALL,ALL,ALL,ALL,MALE,ALL,0,99999,SOB,3800,USD,ENABLE,None,0,0
139,TRANSWORLD-DADRI,16/01/2023,31/01/2023,Ocean Freight Charges,E,INTERNATIONAL AGRO FOODS,OK,C,ALL,AVANA LOGISTEK LIMITED,40,RF,L,E,ALL,ALL,ALL,ALL,SHARJAH,ALL,0,99999,SOB,2200,USD,ENABLE,None,0,0
140,TRANSWORLD-DADRI,16/01/2023,31/01/2023,Ocean Freight Charges,E,INTERNATIONAL AGRO FOODS,OK,C,ALL,AVANA LOGISTEK LIMITED,40,RF,L,E,ALL,ALL,ALL,ALL,SHUWAIKH,ALL,0,99999,SOB,2400,USD,ENABLE,None,0,0
141,TRANSWORLD-DADRI,16/01/2023,31/01/2023,Ocean Freight Charges,E,INTERNATIONAL AGRO FOODS,OK,C,ALL,AVANA LOGISTEK LIMITED,40,RF,L,E,ALL,ALL,ALL,ALL,SOHAR,ALL,0,99999,SOB,2000,USD,ENABLE,None,0,0
142,TRANSWORLD-DADRI,16/01/2023,31/01/2023,Ocean Freight Charges,E,INTERNATIONAL AGRO FOODS,OK,C,ALL,AVANA LOGISTEK LIMITED,40,RF,L,E,ALL,ALL,ALL,ALL,DAMMAM,ALL,0,99999,SOB,2300,USD,ENABLE,None,0,0
143,TRANSWORLD-DADRI,16/01/2023,31/01/2023,Ocean Freight Charges,E,INTERNATIONAL AGRO FOODS,OK,C,ALL,AVANA LOGISTEK LIMITED,40,RF,L,E,ALL,ALL,ALL,ALL,UMM QASR NORTH,ALL,0,99999,SOB,2400,USD,ENABLE,None,0,0
144,TRANSWORLD-DADRI,16/01/2023,31/01/2023,Ocean Freight Charges,E,INTERNATIONAL AGRO FOODS,OK,C,ALL,TS LINES GROUP,40,RF,L,E,ALL,ALL,ALL,ALL,CAT LAI,ALL,0,99999,SOB,1700,USD,ENABLE,None,0,0
145,TRANSWORLD-DADRI,16/01/2023,31/01/2023,Ocean Freight Charges,E,INTERNATIONAL AGRO FOODS,OK,C,ALL,TS LINES GROUP,40,RF,L,E,ALL,ALL,ALL,ALL,HAIPHONG,ALL,0,99999,SOB,1700,USD,ENABLE,None,0,0
146,TRANSWORLD-DADRI,16/01/2023,31/01/2023,Ocean Freight Charges,E,INTERNATIONAL AGRO FOODS,OK,C,ALL,TS LINES GROUP,40,RF,L,E,ALL,ALL,ALL,ALL,HONG KONG,ALL,0,99999,SOB,1600,USD,ENABLE,None,0,0
147,TRANSWORLD-DADRI,16/01/2023,31/01/2023,Ocean Freight Charges,E,INTERNATIONAL AGRO FOODS,OK,C,ALL,TS LINES GROUP,40,RF,L,E,ALL,ALL,ALL,ALL,PASIR GUDANG,ALL,0,99999,SOB,1750,USD,ENABLE,None,0,0
148,TRANSWORLD-DADRI,16/01/2023,31/01/2023,Ocean Freight Charges,E,INTERNATIONAL AGRO FOODS,OK,C,ALL,TS LINES GROUP,40,RF,L,E,ALL,ALL,ALL,ALL,PENANG ,ALL,0,99999,SOB,1700,USD,ENABLE,None,0,0
149,TRANSWORLD-DADRI,16/01/2023,31/01/2023,Ocean Freight Charges,E,INTERNATIONAL AGRO FOODS,OK,C,ALL,TS LINES GROUP,40,RF,L,E,ALL,ALL,ALL,ALL,PORT KLANG WEST,ALL,0,99999,SOB,1450,USD,ENABLE,None,0,0
150,TRANSWORLD-DADRI,16/01/2023,31/01/2023,Ocean Freight Charges,E,INTERNATIONAL AGRO FOODS,OK,C,ALL,TS LINES GROUP,40,RF,L,E,ALL,ALL,ALL,ALL,PORT KLANG NORTH,ALL,0,99999,SOB,1450,USD,ENABLE,None,0,0
151,TRANSWORLD-DADRI,16/01/2023,31/01/2023,Ocean Freight Charges,E,INTERNATIONAL AGRO FOODS,OK,C,ALL,STAR SHIPPING GROUP,40,RF,L,E,ALL,ALL,ALL,ALL,CAT LAI,ALL,0,99999,SOB,1700,USD,ENABLE,None,0,0
152,TRANSWORLD-DADRI,16/01/2023,31/01/2023,Ocean Freight Charges,E,INTERNATIONAL AGRO FOODS,OK,C,ALL,STAR SHIPPING GROUP,40,RF,L,E,ALL,ALL,ALL,ALL,CHATTOGRAM,ALL,0,99999,SOB,2800,USD,ENABLE,None,0,0
153,TRANSWORLD-DADRI,16/01/2023,31/01/2023,Ocean Freight Charges,E,INTERNATIONAL AGRO FOODS,OK,C,ALL,STAR SHIPPING GROUP,40,RF,L,E,ALL,ALL,ALL,ALL,HAIPHONG,ALL,0,99999,SOB,1700,USD,ENABLE,None,0,0
154,TRANSWORLD-DADRI,16/01/2023,31/01/2023,Ocean Freight Charges,E,INTERNATIONAL AGRO FOODS,OK,C,ALL,STAR SHIPPING GROUP,40,RF,L,E,ALL,ALL,ALL,ALL,HONG KONG,ALL,0,99999,SOB,1600,USD,ENABLE,None,0,0
155,TRANSWORLD-DADRI,16/01/2023,31/01/2023,Ocean Freight Charges,E,INTERNATIONAL AGRO FOODS,OK,C,ALL,STAR SHIPPING GROUP,40,RF,L,E,ALL,ALL,ALL,ALL,LAEM CHABANG,ALL,0,99999,SOB,2000,USD,ENABLE,None,0,0
156,TRANSWORLD-DADRI,16/01/2023,31/01/2023,Ocean Freight Charges,E,INTERNATIONAL AGRO FOODS,OK,C,ALL,STAR SHIPPING GROUP,40,RF,L,E,ALL,ALL,ALL,ALL,PASIR GUDANG,ALL,0,99999,SOB,1750,USD,ENABLE,None,0,0
157,TRANSWORLD-DADRI,16/01/2023,31/01/2023,Ocean Freight Charges,E,INTERNATIONAL AGRO FOODS,OK,C,ALL,STAR SHIPPING GROUP,40,RF,L,E,ALL,ALL,ALL,ALL,PENANG ,ALL,0,99999,SOB,1700,USD,ENABLE,None,0,0
158,TRANSWORLD-DADRI,16/01/2023,31/01/2023,Ocean Freight Charges,E,INTERNATIONAL AGRO FOODS,OK,C,ALL,STAR SHIPPING GROUP,40,RF,L,E,ALL,ALL,ALL,ALL,PORT KLANG WEST,ALL,0,99999,SOB,1450,USD,ENABLE,None,0,0
159,TRANSWORLD-DADRI,16/01/2023,31/01/2023,Ocean Freight Charges,E,INTERNATIONAL AGRO FOODS,OK,C,ALL,STAR SHIPPING GROUP,40,RF,L,E,ALL,ALL,ALL,ALL,SIHANOUKVILLE,ALL,0,99999,SOB,2800,USD,ENABLE,None,0,0
160,TRANSWORLD-DADRI,16/01/2023,31/01/2023,Ocean Freight Charges,E,INTERNATIONAL AGRO FOODS,OK,C,ALL,STAR SHIPPING GROUP,40,RF,L,E,ALL,ALL,ALL,ALL,SINGAPORE,ALL,0,99999,SOB,2100,USD,ENABLE,None,0,0
161,TRANSWORLD-DADRI,16/01/2023,31/01/2023,Ocean Freight Charges,E,INTERNATIONAL AGRO FOODS,OK,C,ALL,STAR SHIPPING GROUP,40,RF,L,E,ALL,ALL,ALL,ALL,TANJUNG PRIOK JAKARTA,ALL,0,99999,SOB,2400,USD,ENABLE,None,0,0
