Sr,TerminalName,FromDate,ToDate,ServiceName,CustomerType,CustomerName,Remarks,CustomerTypeTable,CustomerNameTable,LineName,ContSize,ContType,ContStatus,DocType,FromLocation,ToLocation,HandoverLocation,POL,POD,Commodity,FromRange,ToRange,RateMethod,BaseRate,Currency,Enable/Disable,DiscountType,Discount,Rate
1,TRANSWORLD-DADRI,01/04/2026,31/12/2028,Line THC Charges,G,MARHABA FROZEN GROUP, ,C,ALL,MAERSK GROUP,40,RF,L,E,ALL,ALL,ALL,NHAVA SHEVA-NSFT,ALL,ALL,0,99999,SOB,38000,INR,ENABLE,None,0,38000
2,TRANSWORLD-DADRI,01/04/2026,31/12/2028,Line THC Charges,G,MARHABA FROZEN GROUP, ,C,ALL,MAERSK GROUP,40,RF,L,E,ALL,ALL,ALL,MUNDRA - MDPT,ALL,ALL,0,99999,SOB,31000,INR,ENABLE,None,0,31000
3,TRANSWORLD-DADRI,01/04/2026,31/12/2028,Line THC Charges,G,MARHABA FROZEN GROUP, ,C,ALL,MAERSK GROUP,40,RF,L,E,ALL,ALL,ALL,MUNDRA - MICT (DP),ALL,ALL,0,99999,SOB,31000,INR,ENABLE,None,0,31000
4,TRANSWORLD-DADRI,01/04/2026,31/12/2028,Line THC Charges,G,MARHABA FROZEN GROUP, ,C,ALL,MAERSK GROUP,40,RF,L,E,ALL,ALL,ALL,NHAVA SHEVA-GTIL,ALL,ALL,0,99999,SOB,38000,INR,ENABLE,None,0,38000
5,TRANSWORLD-DADRI,01/04/2026,31/12/2028,Line THC Charges,G,MARHABA FROZEN GROUP, ,C,ALL,MAERSK GROUP,40,RF,L,E,ALL,ALL,ALL,NHAVA SHEVA-NSIGT,ALL,ALL,0,99999,SOB,38000,INR,ENABLE,None,0,38000
6,TRANSWORLD-DADRI,01/04/2026,31/12/2028,Line THC Charges,G,MARHABA FROZEN GROUP, ,C,ALL,MAERSK GROUP,40,RF,L,E,ALL,ALL,ALL,NHAVA SHEVA-BMCT,ALL,ALL,0,99999,SOB,38000,INR,ENABLE,None,0,38000
7,TRANSWORLD-DADRI,01/04/2026,31/12/2028,Line THC Charges,G,MARHABA FROZEN GROUP, ,C,ALL,MAERSK GROUP,40,RF,L,E,ALL,ALL,ALL,NHAVA SHEVA-JNPT,ALL,ALL,0,99999,SOB,38000,INR,ENABLE,None,0,38000
8,TRANSWORLD-DADRI,01/04/2026,31/12/2028,Line THC Charges,G,MARHABA FROZEN GROUP, ,C,ALL,MAERSK GROUP,40,RF,L,E,ALL,ALL,TRANSWORLD-DADRI,MUNDRA MDCC,ALL,ALL,0,99999,SOB,31000,INR,ENABLE,None,0,31000
9,TRANSWORLD-DADRI,01/04/2026,31/12/2028,Line THC Charges,G,MARHABA FROZEN GROUP, ,C,ALL,MAERSK GROUP,40,RF,L,E,ALL,ALL,ALL,NHAVA SHEVA-NSICT,ALL,ALL,0,99999,SOB,38000,INR,ENABLE,None,0,38000
10,TRANSWORLD-DADRI,01/04/2026,31/12/2028,Line THC Charges,G,MARHABA FROZEN GROUP, ,C,ALL,MAERSK GROUP,40,RF,L,E,ALL,ALL,TRANSWORLD-DADRI,PIPAVAV,ALL,ALL,0,99999,SOB,40000,INR,ENABLE,None,0,40000
11,TRANSWORLD-DADRI,01/04/2026,31/12/2028,Line THC Charges,G,MARHABA FROZEN GROUP, ,C,ALL,HAPAG GROUP,40,RF,L,E,ALL,ALL,TRANSWORLD-DADRI,NHAVA SHEVA-NSFT,ALL,ALL,0,99999,SOB,30898,INR,ENABLE,None,0,30898
12,TRANSWORLD-DADRI,01/04/2026,31/12/2028,Line THC Charges,G,MARHABA FROZEN GROUP, ,C,ALL,HAPAG GROUP,40,RF,L,E,ALL,ALL,TRANSWORLD-DADRI,MUNDRA - MDPT,ALL,ALL,0,99999,SOB,29817,INR,ENABLE,None,0,29817
13,TRANSWORLD-DADRI,01/04/2026,31/12/2028,Line THC Charges,G,MARHABA FROZEN GROUP, ,C,ALL,HAPAG GROUP,40,RF,L,E,ALL,ALL,TRANSWORLD-DADRI,MUNDRA - MICT (DP),ALL,ALL,0,99999,SOB,29817,INR,ENABLE,None,0,29817
14,TRANSWORLD-DADRI,01/04/2026,31/12/2028,Line THC Charges,G,MARHABA FROZEN GROUP, ,C,ALL,HAPAG GROUP,40,RF,L,E,ALL,ALL,TRANSWORLD-DADRI,KANDLA,ALL,ALL,0,99999,SOB,28970,INR,ENABLE,None,0,28970
15,TRANSWORLD-DADRI,01/04/2026,31/12/2028,Line THC Charges,G,MARHABA FROZEN GROUP, ,C,ALL,HAPAG GROUP,40,RF,L,E,ALL,ALL,TRANSWORLD-DADRI,NHAVA SHEVA-GTIL,ALL,ALL,0,99999,SOB,30898,INR,ENABLE,None,0,30898
16,TRANSWORLD-DADRI,01/04/2026,31/12/2028,Line THC Charges,G,MARHABA FROZEN GROUP, ,C,ALL,HAPAG GROUP,40,RF,L,E,ALL,ALL,TRANSWORLD-DADRI,NHAVA SHEVA-NSIGT,ALL,ALL,0,99999,SOB,30898,INR,ENABLE,None,0,30898
17,TRANSWORLD-DADRI,01/04/2026,31/12/2028,Line THC Charges,G,MARHABA FROZEN GROUP, ,C,ALL,HAPAG GROUP,40,RF,L,E,ALL,ALL,TRANSWORLD-DADRI,NHAVA SHEVA-BMCT,ALL,ALL,0,99999,SOB,30898,INR,ENABLE,None,0,30898
18,TRANSWORLD-DADRI,01/04/2026,31/12/2028,Line THC Charges,G,MARHABA FROZEN GROUP, ,C,ALL,HAPAG GROUP,40,RF,L,E,ALL,ALL,TRANSWORLD-DADRI,NHAVA SHEVA-JNPT,ALL,ALL,0,99999,SOB,30898,INR,ENABLE,None,0,30898
19,TRANSWORLD-DADRI,01/04/2026,31/12/2028,Line THC Charges,G,MARHABA FROZEN GROUP, ,C,ALL,HAPAG GROUP,40,RF,L,E,ALL,ALL,TRANSWORLD-DADRI,MUNDRA MDCC,ALL,ALL,0,99999,SOB,29817,INR,ENABLE,None,0,29817
20,TRANSWORLD-DADRI,01/04/2026,31/12/2028,Line THC Charges,G,MARHABA FROZEN GROUP, ,C,ALL,HAPAG GROUP,40,RF,L,E,ALL,ALL,TRANSWORLD-DADRI,NHAVA SHEVA-NSICT,ALL,ALL,0,99999,SOB,30898,INR,ENABLE,None,0,30898
21,TRANSWORLD-DADRI,01/04/2026,31/12/2028,Line THC Charges,G,MARHABA FROZEN GROUP, ,C,ALL,HAPAG GROUP,40,RF,L,E,ALL,ALL,KANPUR-JRY,ALL,ALL,ALL,0,99999,SOB,30898,INR,ENABLE,None,0,30898
22,TRANSWORLD-DADRI,01/04/2026,31/12/2028,Line THC Charges,G,MARHABA FROZEN GROUP, ,C,ALL,HAPAG GROUP,40,RF,L,E,ALL,ALL,KOLKATA,ALL,ALL,ALL,0,99999,SOB,35670,INR,ENABLE,None,0,35670
23,TRANSWORLD-DADRI,01/04/2026,31/12/2028,Line THC Charges,G,MARHABA FROZEN GROUP, ,C,ALL,HAPAG GROUP,40,RF,L,E,ALL,ALL,KANPUR-PANKI,ALL,ALL,ALL,0,99999,SOB,30898,INR,ENABLE,None,0,30898
24,TRANSWORLD-DADRI,01/04/2026,31/12/2028,Line THC Charges,G,MARHABA FROZEN GROUP, ,C,ALL,SAMUDERA GROUP,40,RF,L,E,ALL,ALL,KOLKATA,ALL,ALL,ALL,0,99999,SOB,33170,INR,ENABLE,None,0,33170
25,TRANSWORLD-DADRI,01/04/2026,31/12/2028,Line THC Charges,G,MARHABA FROZEN GROUP, ,C,ALL,OCEAN NETWORK GROUP,40,RF,L,E,ALL,ALL,KOLKATA,ALL,ALL,ALL,0,99999,SOB,35800,INR,ENABLE,None,0,35800
